Year,Month,Day,Trial,Ablation,Darkness,Flow,Turn Start Frame,Turn End Frame,Fish,Turn Direction,Appox Turn Angle,No. Fish Left,No. Fish Right
2021,10,8,21,LN,DY,F2,4,14,1,right,45,0,7
2021,10,8,21,LN,DY,F2,157,167,1,right,20,0,7
2021,10,8,21,LN,DY,F2,196,210,1,left,20,0,7
2021,10,8,21,LN,DY,F2,241,252,1,right,20,0,7
2021,10,8,21,LN,DY,F2,286,323,1,left,45,6,1
2021,10,8,21,LN,DY,F2,24,34,2,left,20,2,5
2021,10,8,21,LN,DY,F2,73,88,2,left,45,1,6
2021,10,8,21,LN,DY,F2,204,235,2,right,45,2,5
2021,10,8,21,LN,DY,F2,282,296,2,right,10,7,0
2021,10,8,21,LN,DY,F2,56,75,3,right,45,0,7
2021,10,8,21,LN,DY,F2,102,112,3,right,20,0,7
2021,10,8,21,LN,DY,F2,126,132,3,right,20,0,7
2021,10,8,21,LN,DY,F2,140,150,3,right,90,4,3
2021,10,8,21,LN,DY,F2,196,207,3,right,45,2,5
2021,10,8,21,LN,DY,F2,225,234,3,right,20,1,6
2021,10,8,21,LN,DY,F2,262,272,3,right,20,4,3
2021,10,8,21,LN,DY,F2,33,50,4,right,45,4,3
2021,10,8,21,LN,DY,F2,58,80,4,left,90,5,2
2021,10,8,21,LN,DY,F2,268,280,4,left,45,3,4
2021,10,8,21,LN,DY,F2,330,333,4,right,45,4,3
2021,10,8,21,LN,DY,F2,230,248,5,left,45,6,1
2021,10,8,21,LN,DY,F2,252,270,5,left,90,5,2
2021,10,8,21,LN,DY,F2,290,317,5,left,90,4,3
2021,10,8,21,LN,DY,F2,324,333,5,left,20,4,3
2021,10,8,21,LN,DY,F2,5,18,6,right,20,1,6
2021,10,8,21,LN,DY,F2,77,90,6,left,70,5,2
2021,10,8,21,LN,DY,F2,203,216,6,right,45,0,7
2021,10,8,21,LN,DY,F2,264,278,6,right,20,1,6
2021,10,8,21,LN,DY,F2,285,294,6,left,10,4,3
2021,10,8,21,LN,DY,F2,300,315,6,left,20,7,0
2021,10,8,21,LN,DY,F2,44,56,7,left,45,5,2
2021,10,8,21,LN,DY,F2,82,95,7,left,45,6,1
2021,10,8,21,LN,DY,F2,126,140,7,right,120,0,7
2021,10,8,21,LN,DY,F2,163,175,7,right,45,2,5
2021,10,8,21,LN,DY,F2,195,212,7,right,120,2,5
2021,10,8,21,LN,DY,F2,216,228,7,right,20,1,6
2021,10,8,21,LN,DY,F2,246,259,7,right,10,0,7
2021,10,8,21,LN,DY,F2,262,287,7,right,90,1,6
2021,10,8,21,LN,DY,F2,305,318,7,right,45,0,7
2021,10,8,21,LN,DY,F2,59,75,8,left,20,7,0
2021,10,8,21,LN,DY,F2,269,284,8,right,20,2,5
2021,10,8,21,LN,DY,F2,180,205,8,left,10,5,2
2021,10,8,21,LN,DY,F2,244,264,8,left,15,4,3
2021,10,8,21,LN,DY,F2,301,316,8,right,20,2,5
2020,7,28,3,TN,DN,F2,21,37,1,right,45,0,7
2020,7,28,3,TN,DN,F2,51,62,1,right,20,0,7
2020,7,28,3,TN,DN,F2,79,90,1,right,45,0,7
2020,7,28,3,TN,DN,F2,110,123,1,right,20,0,7
2020,7,28,3,TN,DN,F2,139,152,1,right,20,3,4
2020,7,28,3,TN,DN,F2,190,207,1,right,45,6,1
2020,7,28,3,TN,DN,F2,232,247,1,left,20,7,0
2020,7,28,3,TN,DN,F2,266,284,1,left,90,7,0
2020,7,28,3,TN,DN,F2,285,299,1,left,20,4,3
2020,7,28,3,TN,DN,F2,40,57,2,right,50,2,5
2020,7,28,3,TN,DN,F2,102,119,2,right,45,2,5
2020,7,28,3,TN,DN,F2,197,214,2,left,45,7,0
2020,7,28,3,TN,DN,F2,238,256,2,left,90,5,2
2020,7,28,3,TN,DN,F2,4,18,3,right,20,1,6
2020,7,28,3,TN,DN,F2,29,45,3,left,15,1,6
2020,7,28,3,TN,DN,F2,66,83,3,right,45,1,6
2020,7,28,3,TN,DN,F2,284,302,3,right,75,2,5
2020,7,28,3,TN,DN,F2,1,20,4,left,90,7,0
2020,7,28,3,TN,DN,F2,30,45,4,left,20,7,0
2020,7,28,3,TN,DN,F2,162,174,4,right,10,3,4
2020,7,28,3,TN,DN,F2,196,209,4,right,10,3,4
2020,7,28,3,TN,DN,F2,36,50,5,right,20,0,7
2020,7,28,3,TN,DN,F2,65,79,5,right,45,0,7
2020,7,28,3,TN,DN,F2,85,99,5,right,20,0,7
2020,7,28,3,TN,DN,F2,187,226,5,left,20,5,2
2020,7,28,3,TN,DN,F2,284,304,5,right,20,4,3
2020,7,28,3,TN,DN,F2,33,46,6,left,90,5,2
2020,7,28,3,TN,DN,F2,121,133,6,right,20,2,5
2020,7,28,3,TN,DN,F2,139,159,6,right,10,0,7
2020,7,28,3,TN,DN,F2,167,182,6,right,20,0,7
2020,7,28,3,TN,DN,F2,200,216,6,right,20,0,7
2020,7,28,3,TN,DN,F2,264,284,6,right,90,2,5
2020,7,28,3,TN,DN,F2,298,311,6,right,20,0,7
2020,7,28,3,TN,DN,F2,49,66,7,left,10,4,3
2020,7,28,3,TN,DN,F2,80,95,7,right,90,0,7
2020,7,28,3,TN,DN,F2,99,116,7,right,20,0,7
2020,7,28,3,TN,DN,F2,206,223,7,left,20,4,3
2020,7,28,3,TN,DN,F2,222,240,7,left,20,3,4
2020,7,28,3,TN,DN,F2,148,165,8,right,20,1,6
2020,7,28,3,TN,DN,F2,170,180,8,right,20,1,6
2020,7,28,3,TN,DN,F2,190,204,8,right,20,1,6
2020,7,28,3,TN,DN,F2,247,260,8,left,10,5,2
2020,7,28,3,TN,DN,F2,266,284,8,left,45,6,1
2020,7,28,3,TN,DN,F2,288,304,8,left,90,6,1
2020,7,28,3,TN,DN,F2,306,311,8,left,20,6,1
2020,7,28,10,TN,DN,F0,24,38,1,left,45,3,4
2020,7,28,10,TN,DN,F0,63,82,1,left,90,4,3
2020,7,28,10,TN,DN,F0,104,118,1,left,45,7,0
2020,7,28,10,TN,DN,F0,121,134,1,left,20,7,0
2020,7,28,10,TN,DN,F0,172,189,1,left,10,7,0
2020,7,28,10,TN,DN,F0,217,254,1,left,90,7,0
2020,7,28,10,TN,DN,F0,1,16,2,left,45,4,3
2020,7,28,10,TN,DN,F0,43,60,2,left,20,6,1
2020,7,28,10,TN,DN,F0,88,105,2,left,10,6,1
2020,7,28,10,TN,DN,F0,138,158,2,right,10,5,2
2020,7,28,10,TN,DN,F0,180,205,2,right,10,3,4
2020,7,28,10,TN,DN,F0,245,262,2,right,20,3,4
2020,7,28,10,TN,DN,F0,263,279,2,right,90,1,6
2020,7,28,10,TN,DN,F0,297,310,2,left,10,2,5
2020,7,28,10,TN,DN,F0,3,20,3,right,45,0,7
2020,7,28,10,TN,DN,F0,37,51,3,right,10,1,6
2020,7,28,10,TN,DN,F0,99,117,3,right,10,0,7
2020,7,28,10,TN,DN,F0,152,167,3,right,10,4,3
2020,7,28,10,TN,DN,F0,195,214,3,right,10,4,3
2020,7,28,10,TN,DN,F0,251,274,3,right,45,3,4
2020,7,28,10,TN,DN,F0,302,310,3,left,45,7,0
2020,7,28,10,TN,DN,F0,29,44,4,left,90,7,0
2020,7,28,10,TN,DN,F0,51,71,4,left,45,7,0
2020,7,28,10,TN,DN,F0,86,125,4,right,10,7,0
2020,7,28,10,TN,DN,F0,147,165,4,left,20,7,0
2020,7,28,10,TN,DN,F0,188,220,4,left,90,7,0
2020,7,28,10,TN,DN,F0,223,238,4,left,10,6,1
2020,7,28,10,TN,DN,F0,256,272,4,left,20,6,1
2020,7,28,10,TN,DN,F0,283,302,4,left,20,6,1
2020,7,28,10,TN,DN,F0,34,48,5,left,45,7,0
2020,7,28,10,TN,DN,F0,55,70,5,left,45,7,0
2020,7,28,10,TN,DN,F0,90,106,5,left,45,5,2
2020,7,28,10,TN,DN,F0,161,176,5,left,20,6,1
2020,7,28,10,TN,DN,F0,216,233,5,left,20,6,1
2020,7,28,10,TN,DN,F0,265,285,5,left,20,7,0
2020,7,28,10,TN,DN,F0,286,302,5,left,20,6,1
2020,7,28,10,TN,DN,F0,34,48,6,right,20,1,6
2020,7,28,10,TN,DN,F0,93,125,6,left,180,7,0
2020,7,28,10,TN,DN,F0,148,172,6,left,20,6,1
2020,7,28,10,TN,DN,F0,297,310,6,right,10,6,1
2020,7,28,10,TN,DN,F0,35,55,7,right,10,0,7
2020,7,28,10,TN,DN,F0,63,81,7,right,45,1,6
2020,7,28,10,TN,DN,F0,109,142,7,right,45,0,7
2020,7,28,10,TN,DN,F0,191,209,7,right,20,6,1
2020,7,28,10,TN,DN,F0,263,289,7,right,10,5,2
2020,7,28,10,TN,DN,F0,302,310,7,left,45,5,2
2020,7,28,10,TN,DN,F0,11,29,8,left,90,2,5
2020,7,28,10,TN,DN,F0,36,53,8,left,20,3,4
2020,7,28,10,TN,DN,F0,80,96,8,left,20,4,3
2020,7,28,10,TN,DN,F0,105,124,8,left,45,5,2
2020,7,28,10,TN,DN,F0,194,211,8,left,45,4,3
2020,7,28,10,TN,DN,F0,227,245,8,left,90,7,0
2020,7,28,10,TN,DN,F0,299,310,8,left,120,7,0
2020,7,28,11,TN,DN,F0,19,34,1,left,45,4,3
2020,7,28,11,TN,DN,F0,47,65,1,left,90,7,0
2020,7,28,11,TN,DN,F0,77,93,1,left,10,7,0
2020,7,28,11,TN,DN,F0,145,163,1,left,20,7,0
2020,7,28,11,TN,DN,F0,185,204,1,right,20,4,3
2020,7,28,11,TN,DN,F0,229,249,1,right,45,0,7
2020,7,28,11,TN,DN,F0,254,271,1,right,20,0,7
2020,7,28,11,TN,DN,F0,11,25,2,right,20,0,7
2020,7,28,11,TN,DN,F0,68,82,2,right,20,4,3
2020,7,28,11,TN,DN,F0,111,150,2,right,20,5,2
2020,7,28,11,TN,DN,F0,176,196,2,right,20,1,6
2020,7,28,11,TN,DN,F0,209,225,2,right,20,0,7
2020,7,28,11,TN,DN,F0,241,258,2,right,20,0,7
2020,7,28,11,TN,DN,F0,11,25,3,left,20,7,0
2020,7,28,11,TN,DN,F0,46,62,3,left,45,7,0
2020,7,28,11,TN,DN,F0,94,109,3,left,45,7,0
2020,7,28,11,TN,DN,F0,188,201,3,left,10,7,0
2020,7,28,11,TN,DN,F0,240,255,3,left,20,5,2
2020,7,28,11,TN,DN,F0,296,308,3,left,45,5,2
2020,7,28,11,TN,DN,F0,32,48,4,right,10,4,3
2020,7,28,11,TN,DN,F0,87,104,4,left,60,5,2
2020,7,28,11,TN,DN,F0,124,143,4,left,45,6,1
2020,7,28,11,TN,DN,F0,146,170,4,left,90,6,1
2020,7,28,11,TN,DN,F0,199,213,4,left,15,6,1
2020,7,28,11,TN,DN,F0,263,278,4,left,30,4,3
2020,7,28,11,TN,DN,F0,0,17,5,left,45,7,0
2020,7,28,11,TN,DN,F0,62,77,5,left,20,3,4
2020,7,28,11,TN,DN,F0,96,113,5,left,45,3,4
2020,7,28,11,TN,DN,F0,130,164,5,left,90,4,3
2020,7,28,11,TN,DN,F0,205,223,5,left,90,7,0
2020,7,28,11,TN,DN,F0,240,254,5,right,20,7,0
2020,7,28,11,TN,DN,F0,265,286,5,left,90,7,0
2020,7,28,11,TN,DN,F0,292,307,5,left,10,4,3
2020,7,28,11,TN,DN,F0,36,50,6,right,90,0,7
2020,7,28,11,TN,DN,F0,51,62,6,right,45,0,7
2020,7,28,11,TN,DN,F0,65,78,6,right,45,6,1
2020,7,28,11,TN,DN,F0,208,224,6,left,10,5,2
2020,7,28,11,TN,DN,F0,278,309,6,left,180,5,2
2020,7,28,11,TN,DN,F0,61,77,7,left,90,6,1
2020,7,28,11,TN,DN,F0,79,99,7,left,75,6,1
2020,7,28,11,TN,DN,F0,137,150,7,left,20,6,1
2020,7,28,11,TN,DN,F0,173,188,7,left,45,6,1
2020,7,28,11,TN,DN,F0,222,240,7,right,20,4,3
2020,7,28,11,TN,DN,F0,243,261,7,right,20,1,6
2020,7,28,11,TN,DN,F0,25,49,8,left,20,5,2
2020,7,28,11,TN,DN,F0,57,101,8,left,90,7,0
2020,7,28,11,TN,DN,F0,127,141,8,left,45,7,0
2020,7,28,24,TN,DN,F0,16,31,1,left,90,5,2
2020,7,28,24,TN,DN,F0,36,51,1,left,90,7,0
2020,7,28,24,TN,DN,F0,55,68,1,left,90,5,2
2020,7,28,24,TN,DN,F0,143,159,1,right,45,3,4
2020,7,28,24,TN,DN,F0,188,205,1,left,45,6,1
2020,7,28,24,TN,DN,F0,226,247,1,left,120,7,0
2020,7,28,24,TN,DN,F0,6,22,2,right,20,0,7
2020,7,28,24,TN,DN,F0,73,91,2,right,90,0,7
2020,7,28,24,TN,DN,F0,123,143,2,left,10,0,7
2020,7,28,24,TN,DN,F0,196,210,2,right,45,0,7
2020,7,28,24,TN,DN,F0,230,244,2,right,20,1,6
2020,7,28,24,TN,DN,F0,279,295,2,left,20,0,7
2020,7,28,24,TN,DN,F0,188,204,3,left,10,4,3
2020,7,28,24,TN,DN,F0,224,241,3,left,120,6,1
2020,7,28,24,TN,DN,F0,252,265,3,left,20,6,1
2020,7,28,24,TN,DN,F0,292,302,3,left,45,2,5
2020,7,28,24,TN,DN,F0,36,53,4,left,90,5,2
2020,7,28,24,TN,DN,F0,62,77,4,left,45,7,0
2020,7,28,24,TN,DN,F0,79,108,4,left,90,7,0
2020,7,28,24,TN,DN,F0,115,128,4,left,20,7,0
2020,7,28,24,TN,DN,F0,179,192,4,right,20,6,1
2020,7,28,24,TN,DN,F0,215,231,4,left,45,6,1
2020,7,28,24,TN,DN,F0,251,266,4,left,20,6,1
2020,7,28,24,TN,DN,F0,280,296,4,left,45,4,3
2020,7,28,24,TN,DN,F0,39,56,5,left,90,7,0
2020,7,28,24,TN,DN,F0,132,153,5,right,90,1,6
2020,7,28,24,TN,DN,F0,156,171,5,right,90,1,6
2020,7,28,24,TN,DN,F0,186,201,5,right,45,2,5
2020,7,28,24,TN,DN,F0,219,230,5,right,10,2,5
2020,7,28,24,TN,DN,F0,278,301,5,left,120,7,0
2020,7,28,24,TN,DN,F0,1,14,6,left,90,7,0
2020,7,28,24,TN,DN,F0,38,54,6,left,45,5,2
2020,7,28,24,TN,DN,F0,57,69,6,right,45,4,3
2020,7,28,24,TN,DN,F0,145,159,6,left,20,2,5
2020,7,28,24,TN,DN,F0,204,221,6,right,45,1,6
2020,7,28,24,TN,DN,F0,261,281,6,right,45,0,7
2020,7,28,24,TN,DN,F0,295,302,6,left,45,1,6
2020,7,28,24,TN,DN,F0,9,24,7,right,45,0,7
2020,7,28,24,TN,DN,F0,43,58,7,right,20,0,7
2020,7,28,24,TN,DN,F0,93,108,7,right,45,2,5
2020,7,28,24,TN,DN,F0,125,140,7,right,20,3,4
2020,7,28,24,TN,DN,F0,147,161,7,right,45,2,5
2020,7,28,24,TN,DN,F0,195,220,7,left,45,6,1
2020,7,28,24,TN,DN,F0,233,251,7,left,90,7,0
2020,7,28,24,TN,DN,F0,254,268,7,left,45,7,0
2020,7,28,24,TN,DN,F0,16,31,8,right,20,1,6
2020,7,28,24,TN,DN,F0,56,78,8,left,45,6,1
2020,7,28,24,TN,DN,F0,100,117,8,left,120,6,1
2020,7,28,24,TN,DN,F0,144,159,8,left,45,5,2
2020,7,28,24,TN,DN,F0,289,302,8,left,90,2,5
2021,3,25,7,TN,DN,F2,54,69,1,left,45,7,0
2021,3,25,7,TN,DN,F2,73,86,1,left,20,7,0
2021,3,25,7,TN,DN,F2,99,112,1,left,20,7,0
2021,3,25,7,TN,DN,F2,4,21,2,right,10,0,7
2021,3,25,7,TN,DN,F2,95,120,2,left,90,7,0
2021,3,25,7,TN,DN,F2,124,143,2,left,120,0,7
2021,3,25,7,TN,DN,F2,158,170,2,left,20,0,7
2021,3,25,7,TN,DN,F2,171,180,2,left,45,2,5
2021,3,25,7,TN,DN,F2,12,25,3,left,45,2,5
2021,3,25,7,TN,DN,F2,80,96,3,left,90,6,1
2021,3,25,7,TN,DN,F2,100,113,3,right,90,0,7
2021,3,25,7,TN,DN,F2,121,143,3,left,180,7,0
2021,3,25,7,TN,DN,F2,151,160,3,left,10,4,3
2021,3,25,7,TN,DN,F2,192,202,3,left,45,2,5
2021,3,25,7,TN,DN,F2,206,219,3,left,45,3,4
2021,3,25,7,TN,DN,F2,245,253,3,left,10,6,1
2021,3,25,7,TN,DN,F2,85,99,4,left,20,6,1
2021,3,25,7,TN,DN,F2,124,132,4,right,10,4,3
2021,3,25,7,TN,DN,F2,13,22,5,left,45,7,0
2021,3,25,7,TN,DN,F2,36,49,5,left,90,5,2
2021,3,25,7,TN,DN,F2,80,92,5,left,45,5,2
2021,3,25,7,TN,DN,F2,94,106,5,left,45,4,3
2021,3,25,7,TN,DN,F2,205,218,5,left,45,0,7
2021,3,25,7,TN,DN,F2,230,242,5,right,45,0,7
2021,3,25,7,TN,DN,F2,244,255,5,right,10,0,7
2021,3,25,7,TN,DN,F2,4,15,6,left,45,4,3
2021,3,25,7,TN,DN,F2,19,32,6,left,90,4,3
2021,3,25,7,TN,DN,F2,48,59,6,left,45,5,2
2021,3,25,7,TN,DN,F2,62,75,6,left,90,4,3
2021,3,25,7,TN,DN,F2,78,90,6,left,45,4,3
2021,3,25,7,TN,DN,F2,51,68,7,left,120,4,3
2021,3,25,7,TN,DN,F2,99,113,7,left,45,6,1
2021,3,25,7,TN,DN,F2,116,130,7,left,90,6,1
2021,3,25,7,TN,DN,F2,157,170,7,left,20,7,0
2021,3,25,7,TN,DN,F2,246,259,7,left,10,7,0
2021,3,25,7,TN,DN,F2,39,52,8,left,45,7,0
2021,3,25,7,TN,DN,F2,119,135,8,left,120,5,2
2021,3,25,7,TN,DN,F2,145,156,8,left,45,7,0
2021,3,25,7,TN,DN,F2,197,207,8,left,45,6,1
2021,3,25,7,TN,DN,F2,210,233,8,left,120,4,3
2021,3,25,30,TN,DN,F2,0,15,1,left,90,2,5
2021,3,25,30,TN,DN,F2,21,35,1,left,10,2,5
2021,3,25,30,TN,DN,F2,143,156,1,right,10,1,6
2021,3,25,30,TN,DN,F2,236,243,1,left,10,4,3
2021,3,25,30,TN,DN,F2,254,264,1,left,20,6,1
2021,3,25,30,TN,DN,F2,265,270,1,left,20,6,1
2021,3,25,30,TN,DN,F2,278,294,1,left,180,1,6
2021,3,25,30,TN,DN,F2,298,314,1,left,90,0,7
2021,3,25,30,TN,DN,F2,40,53,2,left,45,2,5
2021,3,25,30,TN,DN,F2,93,101,2,right,10,5,2
2021,3,25,30,TN,DN,F2,149,160,2,right,10,1,6
2021,3,25,30,TN,DN,F2,209,225,2,left,10,0,7
2021,3,25,30,TN,DN,F2,18,32,3,right,90,3,4
2021,3,25,30,TN,DN,F2,66,82,3,right,90,5,2
2021,3,25,30,TN,DN,F2,149,162,3,left,90,6,1
2021,3,25,30,TN,DN,F2,182,195,3,left,20,2,5
2021,3,25,30,TN,DN,F2,272,284,3,right,10,1,6
2021,3,25,30,TN,DN,F2,51,67,4,right,20,2,5
2021,3,25,30,TN,DN,F2,71,83,4,right,45,0,7
2021,3,25,30,TN,DN,F2,141,156,4,left,45,5,2
2021,3,25,30,TN,DN,F2,228,243,4,left,45,7,0
2021,3,25,30,TN,DN,F2,271,302,4,right,180,0,7
2021,3,25,30,TN,DN,F2,20,33,5,left,90,6,1
2021,3,25,30,TN,DN,F2,36,48,5,left,45,7,0
2021,3,25,30,TN,DN,F2,54,65,5,left,45,6,1
2021,3,25,30,TN,DN,F2,70,83,5,left,45,6,1
2021,3,25,30,TN,DN,F2,147,157,5,left,45,7,0
2021,3,25,30,TN,DN,F2,204,213,5,left,10,7,0
2021,3,25,30,TN,DN,F2,12,24,6,left,10,6,1
2021,3,25,30,TN,DN,F2,44,60,6,left,10,7,0
2021,3,25,30,TN,DN,F2,88,105,6,right,10,7,0
2021,3,25,30,TN,DN,F2,0,10,7,left,10,5,2
2021,3,25,30,TN,DN,F2,81,114,7,right,20,0,7
2021,3,25,30,TN,DN,F2,194,209,7,right,20,0,7
2021,3,25,30,TN,DN,F2,213,230,7,right,20,0,7
2021,3,25,30,TN,DN,F2,262,278,7,left,20,6,1
2021,3,25,30,TN,DN,F2,151,168,8,right,10,1,6
2021,8,3,7,LY,DN,F0,11,24,1,left,20,2,5
2021,8,3,7,LY,DN,F0,51,62,1,right,20,2,5
2021,8,3,7,LY,DN,F0,94,107,1,right,90,1,6
2021,8,3,7,LY,DN,F0,109,121,1,right,20,4,3
2021,8,3,7,LY,DN,F0,138,150,1,right,45,3,4
2021,8,3,7,LY,DN,F0,175,188,1,right,10,4,3
2021,8,3,7,LY,DN,F0,256,272,1,right,45,1,6
2021,8,3,7,LY,DN,F0,276,304,1,right,120,4,3
2021,8,3,7,LY,DN,F0,24,40,2,right,45,0,7
2021,8,3,7,LY,DN,F0,50,65,2,right,10,0,7
2021,8,3,7,LY,DN,F0,86,98,2,right,45,3,4
2021,8,3,7,LY,DN,F0,125,139,2,right,45,5,2
2021,8,3,7,LY,DN,F0,189,203,2,right,90,3,4
2021,8,3,7,LY,DN,F0,210,221,2,right,20,1,6
2021,8,3,7,LY,DN,F0,248,262,2,right,45,0,7
2021,8,3,7,LY,DN,F0,289,303,2,right,45,0,7
2021,8,3,7,LY,DN,F0,20,46,3,right,45,1,6
2021,8,3,7,LY,DN,F0,116,131,3,left,45,0,7
2021,8,3,7,LY,DN,F0,146,158,3,right,10,0,7
2021,8,3,7,LY,DN,F0,166,177,3,right,45,0,7
2021,8,3,7,LY,DN,F0,236,257,3,left,90,4,3
2021,8,3,7,LY,DN,F0,258,273,3,left,90,5,2
2021,8,3,7,LY,DN,F0,283,294,3,left,10,5,2
2021,8,3,7,LY,DN,F0,17,30,4,left,90,6,1
2021,8,3,7,LY,DN,F0,59,72,4,left,20,5,2
2021,8,3,7,LY,DN,F0,112,126,4,left,45,4,3
2021,8,3,7,LY,DN,F0,139,152,4,left,45,7,0
2021,8,3,7,LY,DN,F0,194,207,4,left,20,7,0
2021,8,3,7,LY,DN,F0,3,15,5,right,45,7,0
2021,8,3,7,LY,DN,F0,23,52,5,right,45,7,0
2021,8,3,7,LY,DN,F0,60,71,5,right,45,7,0
2021,8,3,7,LY,DN,F0,157,171,5,left,10,0,7
2021,8,3,7,LY,DN,F0,181,213,5,left,90,4,3
2021,8,3,7,LY,DN,F0,236,247,5,left,10,7,0
2021,8,3,7,LY,DN,F0,274,285,5,left,20,7,0
2021,8,3,7,LY,DN,F0,24,43,6,right,90,4,3
2021,8,3,7,LY,DN,F0,66,80,6,right,45,4,3
2021,8,3,7,LY,DN,F0,120,132,6,right,45,0,7
2021,8,3,7,LY,DN,F0,190,202,6,right,45,0,7
2021,8,3,7,LY,DN,F0,206,220,6,right,45,0,7
2021,8,3,7,LY,DN,F0,261,273,6,right,45,0,7
2021,8,3,7,LY,DN,F0,311,324,6,right,45,1,6
2021,8,3,7,LY,DN,F0,70,90,7,left,90,3,4
2021,8,3,7,LY,DN,F0,91,104,7,left,90,4,3
2021,8,3,7,LY,DN,F0,148,160,7,left,10,5,2
2021,8,3,7,LY,DN,F0,220,235,7,left,10,6,1
2021,8,3,7,LY,DN,F0,279,295,7,left,45,7,0
2021,8,3,7,LY,DN,F0,300,315,7,left,90,7,0
2021,8,3,7,LY,DN,F0,50,63,8,left,45,7,0
2021,8,3,7,LY,DN,F0,176,191,8,left,20,6,1
2021,8,3,7,LY,DN,F0,197,211,8,left,45,6,1
2021,8,3,7,LY,DN,F0,288,300,8,left,45,6,1
2021,8,3,8,LY,DN,F0,19,37,1,left,45,1,6
2021,8,3,8,LY,DN,F0,64,81,1,right,45,0,7
2021,8,3,8,LY,DN,F0,102,115,1,right,45,0,7
2021,8,3,8,LY,DN,F0,120,132,1,right,10,2,5
2021,8,3,8,LY,DN,F0,190,204,1,left,10,1,6
2021,8,3,8,LY,DN,F0,26,39,2,left,10,1,6
2021,8,3,8,LY,DN,F0,94,108,2,left,45,7,0
2021,8,3,8,LY,DN,F0,123,136,2,left,45,7,0
2021,8,3,8,LY,DN,F0,186,198,2,left,10,7,0
2021,8,3,8,LY,DN,F0,35,50,3,right,10,1,6
2021,8,3,8,LY,DN,F0,74,130,3,right,180,5,2
2021,8,3,8,LY,DN,F0,137,159,3,right,45,5,2
2021,8,3,8,LY,DN,F0,165,186,3,right,20,3,4
2021,8,3,8,LY,DN,F0,225,242,3,left,20,4,3
2021,8,3,8,LY,DN,F0,254,272,3,right,45,3,4
2021,8,3,8,LY,DN,F0,1,18,4,left,10,7,0
2021,8,3,8,LY,DN,F0,99,112,4,left,10,6,1
2021,8,3,8,LY,DN,F0,213,227,4,left,20,7,0
2021,8,3,8,LY,DN,F0,246,261,4,left,45,5,2
2021,8,3,8,LY,DN,F0,262,274,4,left,20,3,4
2021,8,3,8,LY,DN,F0,54,72,5,left,90,7,0
2021,8,3,8,LY,DN,F0,132,146,5,left,20,7,0
2021,8,3,8,LY,DN,F0,166,177,5,left,20,7,0
2021,8,3,8,LY,DN,F0,215,229,5,left,90,7,0
2021,8,3,8,LY,DN,F0,247,259,5,left,45,6,1
2021,8,3,8,LY,DN,F0,17,30,6,left,45,7,0
2021,8,3,8,LY,DN,F0,37,52,6,left,90,7,0
2021,8,3,8,LY,DN,F0,95,113,6,left,20,7,0
2021,8,3,8,LY,DN,F0,239,252,6,left,10,7,0
2021,8,3,8,LY,DN,F0,274,285,6,left,10,7,0
2021,8,3,8,LY,DN,F0,106,126,7,left,10,4,3
2021,8,3,8,LY,DN,F0,144,157,7,left,20,4,3
2021,8,3,8,LY,DN,F0,176,189,7,left,10,6,1
2021,8,3,8,LY,DN,F0,200,217,7,left,20,6,1
2021,8,3,8,LY,DN,F0,251,265,7,left,10,6,1
2021,8,3,8,LY,DN,F0,269,283,7,left,10,7,0
2021,8,3,8,LY,DN,F0,34,46,8,left,20,7,0
2021,8,3,8,LY,DN,F0,51,66,8,left,20,7,0
2021,8,3,8,LY,DN,F0,135,148,8,left,20,7,0
2021,8,3,8,LY,DN,F0,201,218,8,left,20,7,0
2021,8,3,8,LY,DN,F0,282,294,8,left,45,7,0
2021,10,6,34,LY,DN,F2,38,58,1,left,180,7,0
2021,10,6,34,LY,DN,F2,81,97,1,left,45,4,3
2021,10,6,34,LY,DN,F2,110,127,1,left,90,4,3
2021,10,6,34,LY,DN,F2,133,148,1,left,45,3,4
2021,10,6,34,LY,DN,F2,176,188,1,left,10,3,4
2021,10,6,34,LY,DN,F2,219,240,1,left,10,5,2
2021,10,6,34,LY,DN,F2,257,270,1,left,10,6,1
2021,10,6,34,LY,DN,F2,0,19,2,right,180,3,4
2021,10,6,34,LY,DN,F2,106,121,2,left,20,7,0
2021,10,6,34,LY,DN,F2,124,138,2,left,45,7,0
2021,10,6,34,LY,DN,F2,139,154,2,left,45,7,0
2021,10,6,34,LY,DN,F2,173,187,2,left,10,7,0
2021,10,6,34,LY,DN,F2,193,218,2,left,10,7,0
2021,10,6,34,LY,DN,F2,1,12,3,left,20,6,1
2021,10,6,34,LY,DN,F2,23,38,3,left,20,4,3
2021,10,6,34,LY,DN,F2,56,68,3,left,10,4,3
2021,10,6,34,LY,DN,F2,253,285,3,left,10,2,5
2021,10,6,34,LY,DN,F2,221,237,4,left,10,4,3
2021,10,6,34,LY,DN,F2,267,287,4,right,10,3,4
2021,10,6,34,LY,DN,F2,154,171,5,right,10,5,2
2021,10,6,34,LY,DN,F2,180,200,5,right,10,4,3
2021,10,6,34,LY,DN,F2,258,283,5,left,10,7,0
2021,10,6,34,LY,DN,F2,5,21,6,right,20,5,2
2021,10,6,34,LY,DN,F2,217,238,6,right,10,3,4
2021,10,6,36,LY,DN,F2,0,21,1,left,20,7,0
2021,10,6,36,LY,DN,F2,37,70,1,left,120,7,0
2021,10,6,36,LY,DN,F2,74,87,1,left,90,5,2
2021,10,6,36,LY,DN,F2,93,108,1,left,45,3,4
2021,10,6,36,LY,DN,F2,130,142,1,left,10,2,5
2021,10,6,36,LY,DN,F2,202,213,1,left,10,2,5
2021,10,6,36,LY,DN,F2,334,349,1,right,10,1,6
2021,10,6,36,LY,DN,F2,24,40,2,right,10,3,4
2021,10,6,36,LY,DN,F2,112,134,2,left,20,3,4
2021,10,6,36,LY,DN,F2,188,202,2,right,20,0,7
2021,10,6,36,LY,DN,F2,246,274,2,right,45,3,4
2021,10,6,36,LY,DN,F2,309,335,2,left,20,5,2
2021,10,6,36,LY,DN,F2,96,112,3,left,10,7,0
2021,10,6,36,LY,DN,F2,206,218,3,left,10,6,1
2021,10,6,36,LY,DN,F2,52,72,5,right,10,3,4
2021,10,6,36,LY,DN,F2,130,156,5,right,45,4,3
2021,10,6,36,LY,DN,F2,169,186,5,left,20,5,2
2021,10,6,36,LY,DN,F2,209,223,5,left,10,5,2
2021,10,6,36,LY,DN,F2,53,67,6,left,10,7,0
2021,10,6,36,LY,DN,F2,167,186,6,left,10,4,3
2021,10,6,36,LY,DN,F2,320,336,6,right,20,3,4
2021,10,6,36,LY,DN,F2,55,80,7,right,45,6,1
2021,10,6,36,LY,DN,F2,80,95,7,left,45,7,0
2021,10,6,36,LY,DN,F2,175,188,7,left,10,6,1
2021,10,6,36,LY,DN,F2,219,237,7,right,10,3,4
2021,10,6,36,LY,DN,F2,323,343,7,right,20,1,6
2021,10,6,36,LY,DN,F2,359,367,7,left,10,4,3
2021,10,6,36,LY,DN,F2,47,62,8,right,10,4,3
2021,10,6,36,LY,DN,F2,198,209,8,left,10,7,0
2021,10,8,15,LN,DY,F0,1,15,1,right,90,2,5
2021,10,8,15,LN,DY,F0,53,71,1,left,90,5,2
2021,10,8,15,LN,DY,F0,110,125,1,right,90,2,5
2021,10,8,15,LN,DY,F0,148,163,1,right,90,2,5
2021,10,8,15,LN,DY,F0,208,222,1,right,90,6,1
2021,10,8,15,LN,DY,F0,250,262,1,right,45,6,1
2021,10,8,15,LN,DY,F0,306,323,1,left,120,5,2
2021,10,8,15,LN,DY,F0,28,36,2,left,15,0,7
2021,10,8,15,LN,DY,F0,68,77,2,left,10,0,7
2021,10,8,15,LN,DY,F0,208,228,2,left,120,7,0
2021,10,8,15,LN,DY,F0,266,278,2,left,45,7,0
2021,10,8,15,LN,DY,F0,299,316,2,right,45,7,0
2021,10,8,15,LN,DY,F0,13,25,3,left,90,6,1
2021,10,8,15,LN,DY,F0,57,70,3,left,45,7,0
2021,10,8,15,LN,DY,F0,97,108,3,left,20,7,0
2021,10,8,15,LN,DY,F0,167,184,3,right,120,1,6
2021,10,8,15,LN,DY,F0,185,198,3,right,45,0,7
2021,10,8,15,LN,DY,F0,237,251,3,right,45,0,7
2021,10,8,15,LN,DY,F0,292,304,3,right,20,2,5
2021,10,8,15,LN,DY,F0,26,37,4,left,45,6,1
2021,10,8,15,LN,DY,F0,98,110,4,left,90,6,1
2021,10,8,15,LN,DY,F0,125,139,4,right,45,5,2
2021,10,8,15,LN,DY,F0,145,154,4,right,45,0,7
2021,10,8,15,LN,DY,F0,183,193,4,left,45,6,1
2021,10,8,15,LN,DY,F0,197,205,4,right,10,4,3
2021,10,8,15,LN,DY,F0,223,233,4,right,10,0,7
2021,10,8,15,LN,DY,F0,240,253,4,right,90,0,7
2021,10,8,15,LN,DY,F0,265,278,4,right,20,0,7
2021,10,8,15,LN,DY,F0,306,321,4,left,20,0,7
2021,10,8,15,LN,DY,F0,14,25,5,left,45,7,0
2021,10,8,15,LN,DY,F0,46,58,5,left,45,4,3
2021,10,8,15,LN,DY,F0,93,105,5,right,45,3,4
2021,10,8,15,LN,DY,F0,114,128,5,left,90,5,2
2021,10,8,15,LN,DY,F0,166,180,5,left,45,4,3
2021,10,8,15,LN,DY,F0,225,238,5,right,45,3,4
2021,10,8,15,LN,DY,F0,244,256,5,right,45,1,6
2021,10,8,15,LN,DY,F0,279,294,5,right,90,1,6
2021,10,8,15,LN,DY,F0,301,315,5,right,45,2,5
2021,10,8,15,LN,DY,F0,1,8,6,right,10,0,7
2021,10,8,15,LN,DY,F0,22,32,6,right,120,0,7
2021,10,8,15,LN,DY,F0,52,63,6,left,90,7,0
2021,10,8,15,LN,DY,F0,89,100,6,left,90,7,0
2021,10,8,15,LN,DY,F0,101,112,6,left,45,7,0
2021,10,8,15,LN,DY,F0,156,169,6,left,90,5,2
2021,10,8,15,LN,DY,F0,213,221,6,left,10,4,3
2021,10,8,15,LN,DY,F0,240,249,6,left,20,4,3
2021,10,8,15,LN,DY,F0,309,321,6,right,90,1,6
2021,10,8,15,LN,DY,F0,331,342,6,right,90,0,7
2021,10,8,15,LN,DY,F0,37,49,7,left,90,2,5
2021,10,8,15,LN,DY,F0,65,79,7,left,90,2,5
2021,10,8,15,LN,DY,F0,102,115,7,left,10,7,0
2021,10,8,15,LN,DY,F0,155,167,7,left,20,7,0
2021,10,8,15,LN,DY,F0,182,194,7,left,45,6,1
2021,10,8,15,LN,DY,F0,202,214,7,left,45,5,2
2021,10,8,15,LN,DY,F0,241,253,7,left,45,1,6
2021,10,8,15,LN,DY,F0,309,322,7,left,45,3,4
2021,10,8,15,LN,DY,F0,18,29,8,right,45,1,6
2021,10,8,15,LN,DY,F0,68,79,8,left,90,6,1
2021,10,8,15,LN,DY,F0,89,103,8,left,90,6,1
2021,10,8,15,LN,DY,F0,129,141,8,left,45,3,4
2021,10,8,15,LN,DY,F0,229,240,8,left,45,4,3
2021,10,8,15,LN,DY,F0,267,279,8,right,90,1,6
2021,10,8,15,LN,DY,F0,295,308,8,right,45,1,6
2021,10,8,15,LN,DY,F0,327,339,8,right,45,1,6
2021,10,8,26,LN,DY,F0,8,22,1,left,45,2,5
2021,10,8,26,LN,DY,F0,29,43,1,left,10,5,2
2021,10,8,26,LN,DY,F0,71,82,1,left,10,7,0
2021,10,8,26,LN,DY,F0,179,196,1,right,10,7,0
2021,10,8,26,LN,DY,F0,221,233,1,left,10,7,0
2021,10,8,26,LN,DY,F0,0,9,2,left,10,7,0
2021,10,8,26,LN,DY,F0,30,43,2,left,10,5,2
2021,10,8,26,LN,DY,F0,160,174,2,right,20,7,0
2021,10,8,26,LN,DY,F0,218,232,2,left,10,7,0
2021,10,8,26,LN,DY,F0,14,27,3,right,10,1,6
2021,10,8,26,LN,DY,F0,213,227,3,right,45,3,4
2021,10,8,26,LN,DY,F0,231,247,3,right,45,3,4
2021,10,8,26,LN,DY,F0,185,197,4,left,45,7,0
2021,10,8,26,LN,DY,F0,200,217,4,left,90,6,1
2021,10,8,26,LN,DY,F0,246,258,5,left,10,5,2
2021,10,8,26,LN,DY,F0,89,101,6,left,45,7,0
2021,10,8,26,LN,DY,F0,106,119,6,left,45,7,0
2021,10,8,26,LN,DY,F0,126,141,6,left,10,7,0
2021,10,8,26,LN,DY,F0,153,166,6,left,10,7,0
2021,10,8,26,LN,DY,F0,214,227,6,left,10,5,2
2021,10,8,26,LN,DY,F0,11,26,7,left,45,7,0
2021,10,8,26,LN,DY,F0,95,104,7,right,10,5,2
2021,10,8,26,LN,DY,F0,127,145,7,left,10,7,0
2021,10,8,26,LN,DY,F0,149,178,7,left,120,7,0
2021,10,8,26,LN,DY,F0,210,221,7,left,10,7,0
2021,10,8,26,LN,DY,F0,10,26,8,left,90,7,0
2021,10,8,26,LN,DY,F0,27,40,8,left,45,7,0
2021,10,8,26,LN,DY,F0,51,63,8,left,45,7,0
2021,10,8,26,LN,DY,F0,181,193,8,left,10,6,1
2021,10,8,26,LN,DY,F0,229,243,8,left,10,5,2
2021,7,7,14,TN,DY,F0,2,15,1,left,45,2,5
2021,7,7,14,TN,DY,F0,35,50,1,right,90,1,6
2021,7,7,14,TN,DY,F0,59,79,1,left,90,1,6
2021,7,7,14,TN,DY,F0,85,98,1,left,10,1,6
2021,7,7,14,TN,DY,F0,133,147,1,left,10,3,4
2021,7,7,14,TN,DY,F0,190,206,1,left,45,7,0
2021,7,7,14,TN,DY,F0,264,276,1,left,45,6,1
2021,7,7,14,TN,DY,F0,48,60,2,left,45,7,0
2021,7,7,14,TN,DY,F0,103,120,2,left,20,7,0
2021,7,7,14,TN,DY,F0,147,164,2,left,90,7,0
2021,7,7,14,TN,DY,F0,190,205,2,left,45,7,0
2021,7,7,14,TN,DY,F0,234,249,2,left,45,0,7
2021,7,7,14,TN,DY,F0,19,33,3,left,45,7,0
2021,7,7,14,TN,DY,F0,63,76,3,left,45,7,0
2021,7,7,14,TN,DY,F0,126,137,3,left,45,7,0
2021,7,7,14,TN,DY,F0,159,177,3,right,90,3,4
2021,7,7,14,TN,DY,F0,193,220,3,right,90,0,7
2021,7,7,14,TN,DY,F0,231,250,3,left,45,0,7
2021,7,7,14,TN,DY,F0,146,163,4,right,10,4,3
2021,7,7,14,TN,DY,F0,163,181,4,right,20,4,3
2021,7,7,14,TN,DY,F0,186,197,4,left,20,3,4
2021,7,7,14,TN,DY,F0,205,219,4,right,45,3,4
2021,7,7,14,TN,DY,F0,223,237,4,right,20,3,4
2021,7,7,14,TN,DY,F0,264,276,4,right,10,0,7
2021,7,7,14,TN,DY,F0,66,81,5,left,10,6,1
2021,7,7,14,TN,DY,F0,113,125,5,left,10,7,0
2021,7,7,14,TN,DY,F0,193,211,5,right,20,4,3
2021,7,7,14,TN,DY,F0,212,231,5,right,90,4,3
2021,7,7,14,TN,DY,F0,253,264,5,right,45,4,3
2021,7,7,14,TN,DY,F0,7,19,6,right,10,2,5
2021,7,7,14,TN,DY,F0,40,53,6,right,45,2,5
2021,7,7,14,TN,DY,F0,116,128,6,right,45,2,5
2021,7,7,14,TN,DY,F0,149,161,6,left,10,3,4
2021,7,7,14,TN,DY,F0,182,195,6,left,20,6,1
2021,7,7,14,TN,DY,F0,203,213,6,right,20,6,1
2021,7,7,14,TN,DY,F0,215,221,6,right,45,6,1
2021,7,7,14,TN,DY,F0,53,68,7,right,90,4,3
2021,7,7,14,TN,DY,F0,127,135,7,right,20,1,6
2021,7,7,14,TN,DY,F0,164,178,7,right,10,1,6
2021,7,7,14,TN,DY,F0,196,206,7,right,45,1,6
2021,7,7,14,TN,DY,F0,238,250,7,right,90,0,7
2021,7,7,14,TN,DY,F0,270,276,7,right,20,0,7
2021,7,7,14,TN,DY,F0,7,21,8,left,45,0,7
2021,7,7,14,TN,DY,F0,49,64,8,right,45,1,6
2021,7,7,14,TN,DY,F0,87,97,8,right,45,4,3
2021,7,7,14,TN,DY,F0,109,119,8,right,20,6,1
2021,7,7,14,TN,DY,F0,152,169,8,right,10,6,1
2021,7,7,14,TN,DY,F0,194,208,8,right,10,5,2
2021,7,7,14,TN,DY,F0,229,241,8,right,20,2,5
2021,7,7,21,TN,DY,F0,3,17,1,left,20,4,3
2021,7,7,21,TN,DY,F0,26,40,1,right,20,3,4
2021,7,7,21,TN,DY,F0,57,69,1,left,20,2,5
2021,7,7,21,TN,DY,F0,103,118,1,right,10,1,6
2021,7,7,21,TN,DY,F0,140,155,1,right,45,0,7
2021,7,7,21,TN,DY,F0,178,194,1,left,20,0,7
2021,7,7,21,TN,DY,F0,198,210,1,right,10,0,7
2021,7,7,21,TN,DY,F0,220,238,1,left,20,0,7
2021,7,7,21,TN,DY,F0,240,252,1,right,20,0,7
2021,7,7,21,TN,DY,F0,265,278,1,left,10,1,6
2021,7,7,21,TN,DY,F0,283,291,1,left,10,1,6
2021,7,7,21,TN,DY,F0,19,30,2,left,10,0,7
2021,7,7,21,TN,DY,F0,114,129,2,right,45,1,6
2021,7,7,21,TN,DY,F0,130,140,2,right,45,1,6
2021,7,7,21,TN,DY,F0,188,211,2,left,10,1,6
2021,7,7,21,TN,DY,F0,211,232,2,left,90,1,6
2021,7,7,21,TN,DY,F0,250,265,2,left,10,2,5
2021,7,7,21,TN,DY,F0,0,10,3,right,20,2,5
2021,7,7,21,TN,DY,F0,36,47,3,right,10,3,4
2021,7,7,21,TN,DY,F0,74,85,3,right,20,1,6
2021,7,7,21,TN,DY,F0,126,142,3,right,10,3,4
2021,7,7,21,TN,DY,F0,194,207,3,right,20,2,5
2021,7,7,21,TN,DY,F0,230,245,3,left,45,4,3
2021,7,7,21,TN,DY,F0,264,280,3,left,90,7,0
2021,7,7,21,TN,DY,F0,25,41,4,right,10,7,0
2021,7,7,21,TN,DY,F0,71,85,4,right,20,0,7
2021,7,7,21,TN,DY,F0,103,118,4,right,90,0,7
2021,7,7,21,TN,DY,F0,138,154,4,right,45,0,7
2021,7,7,21,TN,DY,F0,198,208,4,right,45,0,7
2021,7,7,21,TN,DY,F0,258,273,4,right,10,2,5
2021,7,7,21,TN,DY,F0,286,291,4,right,10,2,5
2021,7,7,21,TN,DY,F0,53,68,5,left,20,6,1
2021,7,7,21,TN,DY,F0,129,158,5,left,20,5,2
2021,7,7,21,TN,DY,F0,195,213,5,right,45,0,7
2021,7,7,21,TN,DY,F0,234,249,5,right,90,2,5
2021,7,7,21,TN,DY,F0,23,38,6,right,10,6,1
2021,7,7,21,TN,DY,F0,123,139,6,left,20,6,1
2021,7,7,21,TN,DY,F0,152,173,6,left,120,5,2
2021,7,7,21,TN,DY,F0,191,203,6,left,45,5,2
2021,7,7,21,TN,DY,F0,26,39,7,left,45,7,0
2021,7,7,21,TN,DY,F0,226,242,7,left,120,7,0
2021,7,7,21,TN,DY,F0,253,267,7,left,10,7,0
2021,7,7,21,TN,DY,F0,270,283,7,left,20,7,0
2021,7,7,21,TN,DY,F0,30,48,8,right,45,0,7
2021,7,7,21,TN,DY,F0,63,76,8,right,45,4,3
2021,7,7,21,TN,DY,F0,253,266,8,right,90,2,5
2021,7,7,21,TN,DY,F0,279,291,8,right,45,0,7
2021,7,7,26,TN,DY,F2,40,59,1,right,90,5,2
2021,7,7,26,TN,DY,F2,63,75,1,right,90,5,2
2021,7,7,26,TN,DY,F2,82,97,1,right,90,7,0
2021,7,7,26,TN,DY,F2,143,160,1,left,10,5,2
2021,7,7,26,TN,DY,F2,221,235,1,right,20,2,5
2021,7,7,26,TN,DY,F2,42,53,2,left,10,1,6
2021,7,7,26,TN,DY,F2,121,134,2,right,45,5,2
2021,7,7,26,TN,DY,F2,270,283,2,right,90,5,2
2021,7,7,26,TN,DY,F2,3,13,3,left,90,6,1
2021,7,7,26,TN,DY,F2,41,51,3,left,20,7,0
2021,7,7,26,TN,DY,F2,66,76,3,left,45,5,2
2021,7,7,26,TN,DY,F2,121,132,3,left,20,3,4
2021,7,7,26,TN,DY,F2,215,226,3,left,90,0,7
2021,7,7,26,TN,DY,F2,261,272,3,right,90,0,7
2021,7,7,26,TN,DY,F2,47,62,4,left,10,6,1
2021,7,7,26,TN,DY,F2,77,91,4,right,10,1,6
2021,7,7,26,TN,DY,F2,122,140,4,right,10,3,4
2021,7,7,26,TN,DY,F2,184,196,4,right,45,4,3
2021,7,7,26,TN,DY,F2,212,224,4,left,45,6,1
2021,7,7,26,TN,DY,F2,273,290,4,left,45,3,4
2021,7,7,26,TN,DY,F2,106,117,5,right,45,0,7
2021,7,7,26,TN,DY,F2,164,174,5,right,20,0,7
2021,7,7,26,TN,DY,F2,231,245,5,right,45,0,7
2021,7,7,26,TN,DY,F2,270,281,5,right,20,0,7
2021,7,7,26,TN,DY,F2,81,91,6,left,10,4,3
2021,7,7,26,TN,DY,F2,137,147,6,left,20,5,2
2021,7,7,26,TN,DY,F2,200,209,6,right,20,0,7
2021,7,7,26,TN,DY,F2,88,100,7,left,20,3,4
2021,7,7,26,TN,DY,F2,135,147,7,right,20,1,6
2021,7,7,26,TN,DY,F2,155,166,7,right,45,2,5
2021,7,7,26,TN,DY,F2,220,234,7,left,20,5,2
2021,7,7,26,TN,DY,F2,31,52,8,left,90,3,4
2021,7,7,26,TN,DY,F2,71,83,8,left,10,4,3
2021,7,7,26,TN,DY,F2,123,142,8,right,90,5,2
2021,7,7,26,TN,DY,F2,159,170,8,right,20,6,1
2021,7,7,26,TN,DY,F2,182,199,8,left,90,7,0
2021,7,7,26,TN,DY,F2,217,229,8,left,10,7,0
2021,7,7,16,TN,DY,F2,11,20,1,left,45,7,0
2021,7,7,16,TN,DY,F2,76,86,1,left,45,7,0
2021,7,7,16,TN,DY,F2,122,135,1,left,90,4,3
2021,7,7,16,TN,DY,F2,199,206,1,right,10,3,4
2021,7,7,16,TN,DY,F2,9,20,2,left,45,4,3
2021,7,7,16,TN,DY,F2,92,105,2,left,45,6,1
2021,7,7,16,TN,DY,F2,122,133,2,left,45,4,3
2021,7,7,16,TN,DY,F2,201,212,2,right,20,3,4
2021,7,7,16,TN,DY,F2,214,225,2,right,20,4,3
2021,7,7,16,TN,DY,F2,37,47,3,left,10,5,2
2021,7,7,16,TN,DY,F2,128,144,3,right,45,6,1
2021,7,7,16,TN,DY,F2,161,177,3,left,90,6,1
2021,7,7,16,TN,DY,F2,202,216,3,left,20,7,0
2021,7,7,16,TN,DY,F2,238,251,3,left,20,3,4
2021,7,7,16,TN,DY,F2,6,21,4,right,90,4,3
2021,7,7,16,TN,DY,F2,51,62,4,right,45,4,3
2021,7,7,16,TN,DY,F2,87,101,4,left,10,4,3
2021,7,7,16,TN,DY,F2,115,130,4,left,45,4,3
2021,7,7,16,TN,DY,F2,259,268,4,right,10,7,0
2021,7,7,16,TN,DY,F2,281,289,4,left,10,7,0
2021,7,7,16,TN,DY,F2,39,46,5,right,10,0,7
2021,7,7,16,TN,DY,F2,95,106,5,right,45,0,7
2021,7,7,16,TN,DY,F2,165,176,5,right,45,0,7
2021,7,7,16,TN,DY,F2,259,276,5,left,45,2,5
2021,7,7,16,TN,DY,F2,277,289,5,left,10,6,1
2021,7,7,16,TN,DY,F2,5,17,6,left,45,4,3
2021,7,7,16,TN,DY,F2,56,70,6,left,90,7,0
2021,7,7,16,TN,DY,F2,90,103,6,left,10,7,0
2021,7,7,16,TN,DY,F2,118,129,6,left,45,5,2
2021,7,7,16,TN,DY,F2,145,156,6,left,45,5,2
2021,7,7,16,TN,DY,F2,190,201,6,left,45,2,5
2021,7,7,16,TN,DY,F2,217,232,6,left,10,2,5
2021,7,7,16,TN,DY,F2,248,259,6,right,20,3,4
2021,7,7,16,TN,DY,F2,1,13,6,left,20,3,4
2021,7,7,16,TN,DY,F2,17,29,6,left,45,7,0
2021,7,7,16,TN,DY,F2,182,198,6,left,45,7,0
2021,7,7,16,TN,DY,F2,252,269,6,right,45,0,7
2021,7,7,16,TN,DY,F2,277,289,6,right,45,0,7
2021,7,7,16,TN,DY,F2,39,55,7,left,10,2,5
2021,7,7,16,TN,DY,F2,58,71,7,right,120,1,6
2021,7,7,16,TN,DY,F2,80,93,7,right,45,1,6
2021,7,7,16,TN,DY,F2,120,130,7,right,20,1,6
2021,7,7,16,TN,DY,F2,182,188,7,right,10,0,7
2021,7,7,16,TN,DY,F2,218,228,7,right,20,0,7
2021,7,7,16,TN,DY,F2,255,267,7,right,45,0,7
2021,7,7,16,TN,DY,F2,39,48,8,left,45,2,5
2021,7,7,16,TN,DY,F2,58,70,8,right,120,1,6
2021,7,7,16,TN,DY,F2,81,92,8,right,45,1,6
2021,7,7,16,TN,DY,F2,121,129,8,right,20,0,7
2021,7,7,16,TN,DY,F2,180,186,8,right,10,0,7
2021,7,7,16,TN,DY,F2,218,227,8,right,20,0,7
2021,7,7,16,TN,DY,F2,254,267,8,right,20,0,7
2021,8,3,11,LY,DN,F2,2,16,1,left,20,0,7
2021,8,3,11,LY,DN,F2,26,36,1,left,10,7,0
2021,8,3,11,LY,DN,F2,64,79,1,right,20,5,2
2021,8,3,11,LY,DN,F2,84,98,1,right,20,5,2
2021,8,3,11,LY,DN,F2,110,128,1,right,45,5,2
2021,8,3,11,LY,DN,F2,131,145,1,right,45,2,5
2021,8,3,11,LY,DN,F2,174,188,1,right,45,0,7
2021,8,3,11,LY,DN,F2,305,318,1,left,10,0,7
2021,8,3,11,LY,DN,F2,387,394,1,right,10,1,6
2021,8,3,11,LY,DN,F2,21,34,2,left,10,1,6
2021,8,3,11,LY,DN,F2,99,112,2,left,10,7,0
2021,8,3,11,LY,DN,F2,253,269,2,left,10,6,1
2021,8,3,11,LY,DN,F2,343,358,2,right,10,4,3
2021,8,3,11,LY,DN,F2,365,383,2,right,10,2,5
2021,8,3,11,LY,DN,F2,31,45,3,left,10,2,5
2021,8,3,11,LY,DN,F2,55,70,3,right,20,6,1
2021,8,3,11,LY,DN,F2,74,87,3,right,45,2,5
2021,8,3,11,LY,DN,F2,95,106,3,right,90,0,7
2021,8,3,11,LY,DN,F2,110,122,3,right,45,2,5
2021,8,3,11,LY,DN,F2,159,169,3,left,20,3,4
2021,8,3,11,LY,DN,F2,174,189,3,left,45,3,4
2021,8,3,11,LY,DN,F2,265,276,3,left,90,4,3
2021,8,3,11,LY,DN,F2,364,379,3,left,10,5,2
2021,8,3,11,LY,DN,F2,42,54,4,right,10,5,2
2021,8,3,11,LY,DN,F2,61,75,4,right,10,6,1
2021,8,3,11,LY,DN,F2,145,162,4,left,20,4,3
2021,8,3,11,LY,DN,F2,164,176,4,left,45,6,1
2021,8,3,11,LY,DN,F2,180,193,4,left,45,6,1
2021,8,3,11,LY,DN,F2,221,231,4,left,120,5,2
2021,8,3,11,LY,DN,F2,235,246,4,left,10,5,2
2021,8,3,11,LY,DN,F2,255,266,4,left,20,6,1
2021,8,3,11,LY,DN,F2,287,305,4,left,20,4,3
2021,8,3,11,LY,DN,F2,319,330,4,left,20,5,2
2021,8,3,11,LY,DN,F2,18,32,5,left,10,6,1
2021,8,3,11,LY,DN,F2,44,56,5,left,45,2,5
2021,8,3,11,LY,DN,F2,71,82,5,left,45,2,5
2021,8,3,11,LY,DN,F2,105,118,5,left,90,4,3
2021,8,3,11,LY,DN,F2,136,150,5,left,45,6,1
2021,8,3,11,LY,DN,F2,190,200,5,left,45,7,0
2021,8,3,11,LY,DN,F2,220,230,5,left,20,7,0
2021,8,3,11,LY,DN,F2,312,326,5,left,20,7,0
2021,8,3,11,LY,DN,F2,9,24,6,left,20,4,3
2021,8,3,11,LY,DN,F2,29,41,6,right,90,3,4
2021,8,3,11,LY,DN,F2,52,94,6,left,45,3,4
2021,8,3,11,LY,DN,F2,122,136,6,left,120,7,0
2021,8,3,11,LY,DN,F2,182,195,6,left,10,6,1
2021,8,3,11,LY,DN,F2,204,217,6,left,45,7,0
2021,8,3,11,LY,DN,F2,223,237,6,left,45,7,0
2021,8,3,11,LY,DN,F2,269,283,6,left,45,5,2
2021,8,3,11,LY,DN,F2,361,375,6,left,20,2,5
2021,8,3,11,LY,DN,F2,19,33,7,right,10,2,5
2021,8,3,11,LY,DN,F2,83,99,7,left,90,1,6
2021,8,3,11,LY,DN,F2,121,131,7,left,45,7,0
2021,8,3,11,LY,DN,F2,178,192,7,left,20,7,0
2021,8,3,11,LY,DN,F2,197,209,7,left,45,7,0
2021,8,3,11,LY,DN,F2,227,242,7,left,45,7,0
2021,8,3,11,LY,DN,F2,285,297,7,left,45,7,0
2021,8,3,11,LY,DN,F2,364,377,7,left,20,7,0
2021,8,3,11,LY,DN,F2,385,394,7,left,10,7,0
2021,8,3,11,LY,DN,F2,32,52,8,left,45,7,0
2021,8,3,11,LY,DN,F2,55,66,8,left,90,7,0
2021,8,3,11,LY,DN,F2,82,96,8,left,20,7,0
2021,8,3,11,LY,DN,F2,125,140,8,left,45,7,0
2021,8,3,11,LY,DN,F2,364,378,8,left,10,7,0
2021,8,3,17,LY,DN,F2,20,32,1,right,10,7,0
2021,8,3,17,LY,DN,F2,55,72,1,left,45,1,6
2021,8,3,17,LY,DN,F2,78,94,1,left,45,1,6
2021,8,3,17,LY,DN,F2,102,118,1,left,45,7,0
2021,8,3,17,LY,DN,F2,126,138,1,right,45,7,0
2021,8,3,17,LY,DN,F2,143,166,1,left,45,4,3
2021,8,3,17,LY,DN,F2,183,196,1,left,90,7,0
2021,8,3,17,LY,DN,F2,299,313,1,left,45,7,0
2021,8,3,17,LY,DN,F2,320,337,1,left,20,7,0
2021,8,3,17,LY,DN,F2,339,355,1,left,45,7,0
2021,8,3,17,LY,DN,F2,357,369,1,left,45,5,2
2021,8,3,17,LY,DN,F2,372,380,1,right,45,0,7
2021,8,3,17,LY,DN,F2,0,8,2,left,20,4,3
2021,8,3,17,LY,DN,F2,36,55,2,left,20,4,3
2021,8,3,17,LY,DN,F2,75,87,2,left,90,7,0
2021,8,3,17,LY,DN,F2,143,155,2,right,10,7,0
2021,8,3,17,LY,DN,F2,173,186,2,left,45,5,2
2021,8,3,17,LY,DN,F2,193,204,2,left,90,7,0
2021,8,3,17,LY,DN,F2,278,291,2,left,45,7,0
2021,8,3,17,LY,DN,F2,208,225,3,right,20,6,1
2021,8,3,17,LY,DN,F2,267,288,3,left,20,7,0
2021,8,3,17,LY,DN,F2,293,309,3,left,10,7,0
2021,8,3,17,LY,DN,F2,65,77,4,right,10,7,0
2021,8,3,17,LY,DN,F2,134,154,4,left,20,3,4
2021,8,3,17,LY,DN,F2,195,205,4,left,20,3,4
2021,8,3,17,LY,DN,F2,209,220,4,left,20,4,3
2021,8,3,17,LY,DN,F2,255,269,4,left,90,7,0
2021,8,3,17,LY,DN,F2,275,292,4,left,45,6,1
2021,8,3,17,LY,DN,F2,341,356,4,right,20,6,1
2021,8,3,17,LY,DN,F2,167,181,5,right,10,6,1
2021,8,3,17,LY,DN,F2,213,229,5,right,20,3,4
2021,8,3,17,LY,DN,F2,233,245,5,right,90,0,7
2021,8,3,17,LY,DN,F2,267,280,5,right,45,2,5
2021,8,3,17,LY,DN,F2,283,295,5,right,90,4,3
2021,8,3,17,LY,DN,F2,322,336,5,right,45,5,2
2021,8,3,17,LY,DN,F2,364,378,5,right,20,4,3
2021,8,3,17,LY,DN,F2,18,26,6,left,20,4,3
2021,8,3,17,LY,DN,F2,161,172,6,right,10,4,3
2021,8,3,17,LY,DN,F2,250,264,6,left,10,4,3
2021,8,3,17,LY,DN,F2,298,314,6,left,20,5,2
2021,8,3,17,LY,DN,F2,347,360,6,right,45,6,1
2021,8,3,17,LY,DN,F2,3,16,7,left,45,0,7
2021,8,3,17,LY,DN,F2,27,37,7,left,10,7,0
2021,8,3,17,LY,DN,F2,111,121,7,left,10,7,0
2021,8,3,17,LY,DN,F2,179,196,7,right,10,4,3
2021,8,3,17,LY,DN,F2,230,242,7,right,90,1,6
2021,8,3,17,LY,DN,F2,257,270,7,right,10,1,6
2021,8,3,17,LY,DN,F2,283,294,7,left,45,0,7
2021,8,3,17,LY,DN,F2,368,380,7,left,10,0,7
2021,8,3,17,LY,DN,F2,11,24,8,left,45,5,2
2021,8,3,17,LY,DN,F2,37,48,8,left,20,3,4
2021,8,3,17,LY,DN,F2,156,174,8,right,10,3,4
2021,8,3,17,LY,DN,F2,194,211,8,right,45,4,3
2021,8,3,17,LY,DN,F2,227,239,8,right,90,0,7
2021,8,3,17,LY,DN,F2,255,266,8,right,20,2,5
2021,8,3,17,LY,DN,F2,288,300,8,right,45,2,5
2021,8,3,17,LY,DN,F2,312,322,8,right,20,2,5
2021,8,3,21,LY,DN,F0,185,201,1,right,20,2,5
2021,8,3,21,LY,DN,F0,213,227,1,left,20,0,7
2021,8,3,21,LY,DN,F0,267,282,1,left,10,7,0
2021,8,3,21,LY,DN,F0,284,297,1,left,45,7,0
2021,8,3,21,LY,DN,F0,306,319,1,left,45,7,0
2021,8,3,21,LY,DN,F0,357,365,1,left,10,7,0
2021,8,3,21,LY,DN,F0,84,95,2,left,10,6,1
2021,8,3,21,LY,DN,F0,161,176,2,right,10,4,3
2021,8,3,21,LY,DN,F0,187,201,2,right,90,1,6
2021,8,3,21,LY,DN,F0,235,252,2,left,20,1,6
2021,8,3,21,LY,DN,F0,271,287,2,left,20,3,4
2021,8,3,21,LY,DN,F0,5,17,3,right,45,6,1
2021,8,3,21,LY,DN,F0,44,57,3,right,20,3,4
2021,8,3,21,LY,DN,F0,88,102,3,right,20,3,4
2021,8,3,21,LY,DN,F0,115,125,3,right,45,0,7
2021,8,3,21,LY,DN,F0,145,156,3,right,45,0,7
2021,8,3,21,LY,DN,F0,193,210,3,right,20,0,7
2021,8,3,21,LY,DN,F0,341,352,3,left,10,1,6
2021,8,3,21,LY,DN,F0,35,50,4,right,20,2,5
2021,8,3,21,LY,DN,F0,57,69,4,right,20,1,6
2021,8,3,21,LY,DN,F0,89,103,4,right,45,3,4
2021,8,3,21,LY,DN,F0,105,116,4,right,20,5,2
2021,8,3,21,LY,DN,F0,117,131,4,right,45,0,7
2021,8,3,21,LY,DN,F0,134,144,4,right,45,0,7
2021,8,3,21,LY,DN,F0,153,167,4,right,45,1,6
2021,8,3,21,LY,DN,F0,195,215,4,right,45,1,6
2021,8,3,21,LY,DN,F0,216,229,4,right,10,0,7
2021,8,3,21,LY,DN,F0,270,291,4,left,45,4,3
2021,8,3,21,LY,DN,F0,329,344,4,left,45,0,7
2021,8,3,21,LY,DN,F0,22,34,5,right,45,0,7
2021,8,3,21,LY,DN,F0,112,125,5,right,10,0,7
2021,8,3,21,LY,DN,F0,208,218,5,left,45,0,7
2021,8,3,21,LY,DN,F0,355,365,5,right,10,2,5
2021,8,3,21,LY,DN,F0,109,121,6,left,90,1,6
2021,8,3,21,LY,DN,F0,170,186,6,right,10,3,4
2021,8,3,21,LY,DN,F0,231,258,6,left,10,7,0
2021,8,3,21,LY,DN,F0,260,272,6,left,45,7,0
2021,8,3,21,LY,DN,F0,49,64,7,right,20,3,4
2021,8,3,21,LY,DN,F0,66,80,7,left,45,4,3
2021,8,3,21,LY,DN,F0,304,320,7,right,90,4,3
2021,8,3,21,LY,DN,F0,323,336,7,right,90,0,7
2021,8,3,21,LY,DN,F0,41,54,7,left,45,0,7
2021,8,3,21,LY,DN,F0,107,124,7,right,10,6,1
2021,8,3,21,LY,DN,F0,137,147,7,left,20,7,0
2021,8,3,21,LY,DN,F0,208,217,7,left,10,6,1
2021,8,3,21,LY,DN,F0,320,331,7,left,10,5,2
2021,8,3,21,LY,DN,F0,107,121,8,right,10,7,0
2021,8,3,21,LY,DN,F0,207,218,8,left,10,4,3
2021,3,25,1,TN,DN,F0,19,32,1,left,20,5,2
2021,3,25,1,TN,DN,F0,65,79,1,left,45,7,0
2021,3,25,1,TN,DN,F0,169,180,1,right,10,7,0
2021,3,25,1,TN,DN,F0,198,211,1,left,20,7,0
2021,3,25,1,TN,DN,F0,217,228,1,left,90,7,0
2021,3,25,1,TN,DN,F0,251,264,1,left,45,7,0
2021,3,25,1,TN,DN,F0,75,86,2,right,45,7,0
2021,3,25,1,TN,DN,F0,105,116,2,right,45,0,7
2021,3,25,1,TN,DN,F0,121,132,2,right,20,1,6
2021,3,25,1,TN,DN,F0,213,226,2,right,90,2,5
2021,3,25,1,TN,DN,F0,228,239,2,right,90,0,7
2021,3,25,1,TN,DN,F0,243,253,2,left,90,1,6
2021,3,25,1,TN,DN,F0,260,269,2,left,90,0,7
2021,3,25,1,TN,DN,F0,49,62,3,left,10,0,7
2021,3,25,1,TN,DN,F0,101,112,3,right,45,4,3
2021,3,25,1,TN,DN,F0,148,160,3,right,45,0,7
2021,3,25,1,TN,DN,F0,165,178,3,right,45,0,7
2021,3,25,1,TN,DN,F0,6,15,4,right,90,5,2
2021,3,25,1,TN,DN,F0,37,48,4,right,45,0,7
2021,3,25,1,TN,DN,F0,52,65,4,right,45,0,7
2021,3,25,1,TN,DN,F0,93,104,4,right,45,2,5
2021,3,25,1,TN,DN,F0,200,211,4,right,20,4,3
2021,3,25,1,TN,DN,F0,220,232,4,right,90,0,7
2021,3,25,1,TN,DN,F0,264,273,4,right,90,0,7
2021,3,25,1,TN,DN,F0,102,114,5,left,20,0,7
2021,3,25,1,TN,DN,F0,152,164,5,left,90,6,1
2021,3,25,1,TN,DN,F0,177,192,5,left,20,6,1
2021,3,25,1,TN,DN,F0,228,238,5,left,90,7,0
2021,3,25,1,TN,DN,F0,266,275,5,left,10,7,0
2021,3,25,1,TN,DN,F0,27,35,6,left,20,6,1
2021,3,25,1,TN,DN,F0,161,176,6,left,10,5,2
2021,3,25,1,TN,DN,F0,185,198,6,left,20,4,3
2021,3,25,1,TN,DN,F0,252,263,6,left,90,5,2
2021,3,25,1,TN,DN,F0,54,67,7,right,45,6,1
2021,3,25,1,TN,DN,F0,80,89,7,right,90,0,7
2021,3,25,1,TN,DN,F0,200,211,7,right,90,0,7
2021,3,25,1,TN,DN,F0,251,263,7,left,20,4,3
2021,3,25,1,TN,DN,F0,72,87,8,left,90,5,2
2021,3,25,1,TN,DN,F0,92,110,8,left,45,5,2
2021,3,25,1,TN,DN,F0,117,134,8,left,45,6,1
2021,3,25,1,TN,DN,F0,142,159,8,left,20,7,0
2021,3,25,1,TN,DN,F0,188,203,8,left,20,6,1
2021,3,25,1,TN,DN,F0,243,256,8,right,45,4,3
2021,3,25,10,TN,DN,F0,3,11,1,left,20,6,1
2021,3,25,10,TN,DN,F0,45,53,1,right,20,5,2
2021,3,25,10,TN,DN,F0,65,74,1,right,20,1,6
2021,3,25,10,TN,DN,F0,88,104,1,left,20,1,6
2021,3,25,10,TN,DN,F0,107,118,1,left,120,7,0
2021,3,25,10,TN,DN,F0,227,235,1,left,45,6,1
2021,3,25,10,TN,DN,F0,291,302,1,left,20,5,2
2021,3,25,10,TN,DN,F0,321,335,1,left,90,6,1
2021,3,25,10,TN,DN,F0,345,356,1,left,45,6,1
2021,3,25,10,TN,DN,F0,53,73,2,left,45,3,4
2021,3,25,10,TN,DN,F0,179,198,2,right,90,4,3
2021,3,25,10,TN,DN,F0,200,214,2,right,90,0,7
2021,3,25,10,TN,DN,F0,222,232,2,right,45,0,7
2021,3,25,10,TN,DN,F0,373,353,2,right,20,1,6
2021,3,25,10,TN,DN,F0,37,48,3,left,10,0,7
2021,3,25,10,TN,DN,F0,54,70,3,left,20,7,0
2021,3,25,10,TN,DN,F0,71,82,3,left,90,7,0
2021,3,25,10,TN,DN,F0,122,132,3,left,20,7,0
2021,3,25,10,TN,DN,F0,212,224,3,right,20,5,2
2021,3,25,10,TN,DN,F0,263,275,3,left,20,3,4
2021,3,25,10,TN,DN,F0,290,302,3,left,90,7,0
2021,3,25,10,TN,DN,F0,324,335,3,left,45,7,0
2021,3,25,10,TN,DN,F0,345,356,3,left,45,6,1
2021,3,25,10,TN,DN,F0,48,66,4,right,10,4,3
2021,3,25,10,TN,DN,F0,74,88,4,right,120,1,6
2021,3,25,10,TN,DN,F0,96,108,4,right,120,0,7
2021,3,25,10,TN,DN,F0,117,129,4,right,45,2,5
2021,3,25,10,TN,DN,F0,234,249,4,right,10,4,3
2021,3,25,10,TN,DN,F0,260,274,4,right,45,1,6
2021,3,25,10,TN,DN,F0,281,295,4,right,45,1,6
2021,3,25,10,TN,DN,F0,332,347,4,right,45,2,5
2021,3,25,10,TN,DN,F0,54,71,5,right,20,5,2
2021,3,25,10,TN,DN,F0,76,89,5,right,90,0,7
2021,3,25,10,TN,DN,F0,101,112,5,right,45,0,7
2021,3,25,10,TN,DN,F0,126,14,5,right,20,0,7
2021,3,25,10,TN,DN,F0,157,167,5,right,45,0,7
2021,3,25,10,TN,DN,F0,303,316,5,right,10,1,6
2021,3,25,10,TN,DN,F0,354,371,5,right,90,0,7
2021,3,25,10,TN,DN,F0,49,62,6,left,45,0,7
2021,3,25,10,TN,DN,F0,68,81,6,left,45,7,0
2021,3,25,10,TN,DN,F0,142,154,6,left,20,6,1
2021,3,25,10,TN,DN,F0,157,167,6,left,45,7,0
2021,3,25,10,TN,DN,F0,175,186,6,left,20,7,0
2021,3,25,10,TN,DN,F0,272,286,6,left,20,7,0
2021,3,25,10,TN,DN,F0,303,316,6,left,90,5,2
2021,3,25,10,TN,DN,F0,366,373,6,right,20,4,3
2021,3,25,10,TN,DN,F0,27,40,7,right,90,4,3
2021,3,25,10,TN,DN,F0,78,97,7,right,45,3,4
2021,3,25,10,TN,DN,F0,111,121,7,right,90,6,1
2021,3,25,10,TN,DN,F0,185,199,7,right,20,7,0
2021,3,25,10,TN,DN,F0,204,217,7,right,45,2,5
2021,3,25,10,TN,DN,F0,241,252,7,right,90,1,6
2021,3,25,10,TN,DN,F0,284,296,7,right,45,0,7
2021,3,25,10,TN,DN,F0,350,367,7,right,45,2,5
2021,3,25,10,TN,DN,F0,15,28,8,right,120,0,7
2021,3,25,10,TN,DN,F0,48,62,8,right,90,2,5
2021,3,25,10,TN,DN,F0,100,111,8,right,45,1,6
2021,3,25,10,TN,DN,F0,213,226,8,right,45,5,2
2021,3,25,10,TN,DN,F0,232,245,8,right,90,0,7
2021,3,25,10,TN,DN,F0,284,296,8,right,90,0,7
2021,3,25,10,TN,DN,F0,332,344,8,right,10,0,7
2021,3,25,12,TN,DN,F0,20,31,1,left,45,7,0
2021,3,25,12,TN,DN,F0,42,54,1,left,45,6,1
2021,3,25,12,TN,DN,F0,68,78,1,left,20,6,1
2021,3,25,12,TN,DN,F0,292,308,1,left,10,6,1
2021,3,25,12,TN,DN,F0,27,41,2,right,90,4,3
2021,3,25,12,TN,DN,F0,148,159,2,right,20,1,6
2021,3,25,12,TN,DN,F0,166,176,2,right,45,0,7
2021,3,25,12,TN,DN,F0,180,192,2,right,45,0,7
2021,3,25,12,TN,DN,F0,241,255,2,right,10,0,7
2021,3,25,12,TN,DN,F0,8,23,3,right,90,0,7
2021,3,25,12,TN,DN,F0,25,34,3,right,20,0,7
2021,3,25,12,TN,DN,F0,59,69,3,right,10,0,7
2021,3,25,12,TN,DN,F0,98,108,3,right,20,0,7
2021,3,25,12,TN,DN,F0,134,152,3,right,45,0,7
2021,3,25,12,TN,DN,F0,163,177,3,right,45,2,5
2021,3,25,12,TN,DN,F0,209,220,3,left,10,3,4
2021,3,25,12,TN,DN,F0,233,246,3,right,45,2,5
2021,3,25,12,TN,DN,F0,45,58,4,right,20,1,6
2021,3,25,12,TN,DN,F0,183,205,4,left,90,4,3
2021,3,25,12,TN,DN,F0,219,240,4,left,45,6,1
2021,3,25,12,TN,DN,F0,282,299,4,left,45,7,0
2021,3,25,12,TN,DN,F0,10,40,5,left,120,4,3
2021,3,25,12,TN,DN,F0,67,82,5,left,20,3,4
2021,3,25,12,TN,DN,F0,210,224,5,right,45,0,7
2021,3,25,12,TN,DN,F0,235,250,5,right,90,0,7
2021,3,25,12,TN,DN,F0,251,267,5,right,45,0,7
2021,3,25,12,TN,DN,F0,268,286,5,right,10,3,4
2021,3,25,12,TN,DN,F0,298,314,5,right,90,6,1
2021,3,25,12,TN,DN,F0,11,27,6,left,20,6,1
2021,3,25,12,TN,DN,F0,32,46,6,left,20,7,0
2021,3,25,12,TN,DN,F0,58,68,6,left,10,7,0
2021,3,25,12,TN,DN,F0,95,105,6,left,10,5,2
2021,3,25,12,TN,DN,F0,259,272,6,left,45,5,2
2021,3,25,12,TN,DN,F0,291,301,6,left,45,7,0
2021,3,25,12,TN,DN,F0,311,318,6,left,90,7,0
2021,3,25,12,TN,DN,F0,8,16,7,right,10,0,7
2021,3,25,12,TN,DN,F0,34,46,7,right,90,1,6
2021,3,25,12,TN,DN,F0,54,65,7,right,45,1,6
2021,3,25,12,TN,DN,F0,129,139,7,right,90,0,7
2021,3,25,12,TN,DN,F0,214,229,7,right,90,1,6
2021,3,25,12,TN,DN,F0,235,249,7,right,90,6,1
2021,3,25,12,TN,DN,F0,42,52,8,left,20,0,7
2021,3,25,12,TN,DN,F0,111,122,8,right,45,1,6
2021,3,25,12,TN,DN,F0,134,147,8,right,10,0,7
2021,3,25,12,TN,DN,F0,165,180,8,right,45,0,7
2021,3,25,12,TN,DN,F0,207,218,8,right,20,0,7
2021,3,25,12,TN,DN,F0,246,257,8,right,20,3,4
2021,7,7,17,TN,DY,F2,11,24,1,left,45,2,5
2021,7,7,17,TN,DY,F2,113,124,1,right,45,3,4
2021,7,7,17,TN,DY,F2,201,216,1,left,45,4,3
2021,7,7,17,TN,DY,F2,245,258,1,right,20,2,5
2021,7,7,17,TN,DY,F2,303,332,1,right,45,1,6
2021,7,7,17,TN,DY,F2,12,28,2,right,20,3,4
2021,7,7,17,TN,DY,F2,33,47,2,right,90,0,7
2021,7,7,17,TN,DY,F2,93,107,2,right,90,3,4
2021,7,7,17,TN,DY,F2,119,132,2,right,45,5,2
2021,7,7,17,TN,DY,F2,132,145,2,right,45,6,1
2021,7,7,17,TN,DY,F2,168,186,2,left,45,5,2
2021,7,7,17,TN,DY,F2,197,215,2,left,45,5,2
2021,7,7,17,TN,DY,F2,240,252,2,left,45,4,3
2021,7,7,17,TN,DY,F2,282,295,2,left,20,3,4
2021,7,7,17,TN,DY,F2,37,59,3,left,45,6,1
2021,7,7,17,TN,DY,F2,128,142,3,left,45,7,0
2021,7,7,17,TN,DY,F2,228,250,3,right,10,1,6
2021,7,7,17,TN,DY,F2,297,312,3,right,90,0,7
2021,7,7,17,TN,DY,F2,335,346,3,left,45,0,7
2021,7,7,17,TN,DY,F2,364,371,3,left,20,1,6
2021,7,7,17,TN,DY,F2,5,14,4,left,45,6,1
2021,7,7,17,TN,DY,F2,39,51,4,left,90,7,0
2021,7,7,17,TN,DY,F2,54,63,4,left,45,6,1
2021,7,7,17,TN,DY,F2,93,105,4,left,90,5,2
2021,7,7,17,TN,DY,F2,179,193,4,left,20,6,1
2021,7,7,17,TN,DY,F2,295,308,4,right,10,2,5
2021,7,7,17,TN,DY,F2,316,330,4,right,10,1,6
2021,7,7,17,TN,DY,F2,10,21,5,left,20,7,0
2021,7,7,17,TN,DY,F2,102,116,5,left,20,7,0
2021,7,7,17,TN,DY,F2,166,181,5,left,45,6,1
2021,7,7,17,TN,DY,F2,210,219,5,right,20,7,0
2021,7,7,17,TN,DY,F2,231,263,5,right,90,1,6
2021,7,7,17,TN,DY,F2,300,319,5,left,45,3,4
2021,7,7,17,TN,DY,F2,324,339,5,left,45,7,0
2021,7,7,17,TN,DY,F2,9,24,6,right,120,0,7
2021,7,7,17,TN,DY,F2,36,46,6,right,45,7,0
2021,7,7,17,TN,DY,F2,99,111,6,left,10,5,2
2021,7,7,17,TN,DY,F2,200,215,6,left,90,3,4
2021,7,7,17,TN,DY,F2,223,234,6,left,90,4,3
2021,7,7,17,TN,DY,F2,276,287,6,left,20,6,1
2021,7,7,17,TN,DY,F2,302,316,6,left,45,7,0
2021,7,7,17,TN,DY,F2,60,73,7,left,45,4,3
2021,7,7,17,TN,DY,F2,94,110,7,left,120,2,5
2021,7,7,17,TN,DY,F2,142,154,7,left,90,7,0
2021,7,7,17,TN,DY,F2,188,201,7,left,90,6,1
2021,7,7,17,TN,DY,F2,239,249,7,left,45,6,1
2021,7,7,17,TN,DY,F2,1,12,8,left,10,5,2
2021,7,7,17,TN,DY,F2,89,104,8,left,120,2,5
2021,7,7,17,TN,DY,F2,117,127,8,left,90,6,1
2021,7,7,17,TN,DY,F2,208,222,8,left,90,7,0
2021,7,7,17,TN,DY,F2,243,258,8,left,45,6,1
2021,10,8,27,LN,DY,F0,58,69,1,left,45,6,1
2021,10,8,27,LN,DY,F0,82,93,1,left,45,7,0
2021,10,8,27,LN,DY,F0,102,115,1,left,10,6,1
2021,10,8,27,LN,DY,F0,158,169,1,left,45,6,1
2021,10,8,27,LN,DY,F0,176,189,1,left,20,5,2
2021,10,8,27,LN,DY,F0,244,265,1,left,20,7,0
2021,10,8,27,LN,DY,F0,287,310,1,left,10,6,1
2021,10,8,27,LN,DY,F0,32,49,2,left,90,7,0
2021,10,8,27,LN,DY,F0,60,74,2,left,45,6,1
2021,10,8,27,LN,DY,F0,129,142,2,left,10,6,1
2021,10,8,27,LN,DY,F0,248,260,2,left,45,6,1
2021,10,8,27,LN,DY,F0,278,288,2,left,20,6,1
2021,10,8,27,LN,DY,F0,301,316,2,left,45,6,1
2021,10,8,27,LN,DY,F0,23,36,3,left,45,3,4
2021,10,8,27,LN,DY,F0,180,193,3,right,45,1,6
2021,10,8,27,LN,DY,F0,271,285,3,right,10,1,6
2021,10,8,27,LN,DY,F0,303,317,3,left,10,5,2
2021,10,8,27,LN,DY,F0,77,92,4,left,90,7,0
2021,10,8,27,LN,DY,F0,98,111,4,left,10,7,0
2021,10,8,27,LN,DY,F0,200,216,4,left,90,7,0
2021,10,8,27,LN,DY,F0,233,248,4,left,45,1,6
2021,10,8,27,LN,DY,F0,305,318,4,left,20,0,7
2021,10,8,27,LN,DY,F0,33,44,5,left,45,4,3
2021,10,8,27,LN,DY,F0,59,72,5,left,90,4,3
2021,10,8,27,LN,DY,F0,115,127,5,left,10,5,2
2021,10,8,27,LN,DY,F0,270,280,5,right,45,2,5
2021,10,8,27,LN,DY,F0,292,308,5,right,90,0,7
2021,10,8,27,LN,DY,F0,81,93,6,left,45,5,2
2021,10,8,27,LN,DY,F0,126,143,6,left,90,6,1
2021,10,8,27,LN,DY,F0,190,202,6,left,45,6,1
2021,10,8,27,LN,DY,F0,258,269,6,left,20,3,4
2021,10,8,27,LN,DY,F0,0,12,7,right,45,1,6
2021,10,8,27,LN,DY,F0,49,80,7,right,90,7,0
2021,10,8,27,LN,DY,F0,157,172,7,right,20,3,4
2021,10,8,27,LN,DY,F0,201,211,7,right,45,3,4
2021,10,8,27,LN,DY,F0,234,250,7,right,20,0,7
2021,10,8,27,LN,DY,F0,258,271,8,left,20,3,4
2021,10,8,27,LN,DY,F0,296,309,8,left,45,3,4
2021,3,25,22,TN,DN,F0,55,70,1,right,10,0,7
2021,3,25,22,TN,DN,F0,97,112,1,right,45,1,6
2021,3,25,22,TN,DN,F0,160,176,1,left,45,2,5
2021,3,25,22,TN,DN,F0,178,199,1,left,20,7,0
2021,3,25,22,TN,DN,F0,211,228,1,left,10,7,0
2021,3,25,22,TN,DN,F0,231,246,1,left,10,7,0
2021,3,25,22,TN,DN,F0,298,325,1,right,20,6,1
2021,3,25,22,TN,DN,F0,1,14,2,left,90,5,2
2021,3,25,22,TN,DN,F0,40,50,2,left,45,7,0
2021,3,25,22,TN,DN,F0,65,74,2,left,10,7,0
2021,3,25,22,TN,DN,F0,104,117,2,left,90,5,2
2021,3,25,22,TN,DN,F0,132,144,2,left,45,7,0
2021,3,25,22,TN,DN,F0,261,275,2,left,90,5,2
2021,3,25,22,TN,DN,F0,281,293,2,left,90,3,4
2021,3,25,22,TN,DN,F0,11,24,3,left,45,5,2
2021,3,25,22,TN,DN,F0,124,140,3,left,10,4,3
2021,3,25,22,TN,DN,F0,202,213,4,right,45,1,6
2021,3,25,22,TN,DN,F0,257,269,4,right,90,0,7
2021,3,25,22,TN,DN,F0,282,293,4,right,45,0,7
2021,3,25,22,TN,DN,F0,25,39,5,right,90,1,6
2021,3,25,22,TN,DN,F0,48,59,5,right,45,1,6
2021,3,25,22,TN,DN,F0,68,79,5,right,10,2,5
2021,3,25,22,TN,DN,F0,92,102,5,right,10,3,4
2021,3,25,22,TN,DN,F0,170,181,5,right,20,3,4
2021,3,25,22,TN,DN,F0,192,205,5,right,45,2,5
2021,3,25,22,TN,DN,F0,214,226,5,right,45,2,5
2021,3,25,22,TN,DN,F0,237,246,5,right,10,1,6
2021,3,25,22,TN,DN,F0,316,328,5,right,45,2,5
2021,3,25,22,TN,DN,F0,111,129,6,left,45,7,0
2021,3,25,22,TN,DN,F0,131,156,6,left,90,7,0
2021,3,25,22,TN,DN,F0,165,180,6,left,45,7,0
2021,3,25,22,TN,DN,F0,211,223,6,left,10,7,0
2021,3,25,22,TN,DN,F0,61,72,7,left,20,7,0
2021,3,25,22,TN,DN,F0,92,103,7,left,45,6,1
2021,3,25,22,TN,DN,F0,131,144,7,left,45,7,0
2021,3,25,22,TN,DN,F0,154,163,7,left,20,7,0
2021,3,25,22,TN,DN,F0,243,252,7,left,20,7,0
2021,3,25,22,TN,DN,F0,292,304,7,left,45,7,0
2021,3,25,22,TN,DN,F0,3,12,8,right,10,1,6
2021,3,25,22,TN,DN,F0,24,35,8,left,10,0,7
2021,3,25,22,TN,DN,F0,44,56,8,left,45,5,2
2021,3,25,22,TN,DN,F0,75,86,8,right,45,0,7
2021,3,25,22,TN,DN,F0,87,96,8,right,45,0,7
2021,3,25,22,TN,DN,F0,102,113,8,right,90,0,7
2021,3,25,22,TN,DN,F0,118,128,8,right,20,6,1
2021,3,25,22,TN,DN,F0,143,154,8,left,20,0,7
2021,3,25,22,TN,DN,F0,230,249,8,left,45,2,5
2021,3,25,22,TN,DN,F0,268,282,8,right,20,2,5
2021,3,25,22,TN,DN,F0,283,296,8,right,90,2,5
2021,3,25,22,TN,DN,F0,308,320,8,left,90,3,4
2021,3,25,22,TN,DN,F0,323,329,8,left,20,5,2
2021,3,25,24,TN,DN,F0,62,74,1,left,10,7,0
2021,3,25,24,TN,DN,F0,115,127,1,left,45,6,1
2021,3,25,24,TN,DN,F0,169,181,1,left,10,5,2
2021,3,25,24,TN,DN,F0,230,246,1,right,45,2,5
2021,3,25,24,TN,DN,F0,259,271,1,right,90,1,6
2021,3,25,24,TN,DN,F0,271,283,1,right,45,1,6
2021,3,25,24,TN,DN,F0,298,311,1,left,45,1,6
2021,3,25,24,TN,DN,F0,310,319,1,left,45,2,5
2021,3,25,24,TN,DN,F0,3,13,2,left,20,6,1
2021,3,25,24,TN,DN,F0,43,69,2,right,20,7,0
2021,3,25,24,TN,DN,F0,75,94,2,right,90,4,3
2021,3,25,24,TN,DN,F0,101,115,2,right,45,4,3
2021,3,25,24,TN,DN,F0,147,161,2,left,20,5,2
2021,3,25,24,TN,DN,F0,194,206,2,left,10,7,0
2021,3,25,24,TN,DN,F0,224,243,2,right,45,6,1
2021,3,25,24,TN,DN,F0,244,265,2,left,45,7,0
2021,3,25,24,TN,DN,F0,266,276,2,left,20,7,0
2021,3,25,24,TN,DN,F0,300,317,2,right,20,7,0
2021,3,25,24,TN,DN,F0,68,79,3,right,45,6,1
2021,3,25,24,TN,DN,F0,83,95,3,right,90,6,1
2021,3,25,24,TN,DN,F0,100,112,3,right,20,6,1
2021,3,25,24,TN,DN,F0,116,125,3,right,10,5,2
2021,3,25,24,TN,DN,F0,137,147,3,right,45,0,7
2021,3,25,24,TN,DN,F0,147,170,3,left,120,1,6
2021,3,25,24,TN,DN,F0,187,215,3,right,120,0,7
2021,3,25,24,TN,DN,F0,245,256,3,left,45,1,6
2021,3,25,24,TN,DN,F0,258,272,3,left,90,0,7
2021,3,25,24,TN,DN,F0,285,295,3,left,45,7,0
2021,3,25,24,TN,DN,F0,96,118,4,right,20,0,7
2021,3,25,24,TN,DN,F0,144,155,4,right,90,0,7
2021,3,25,24,TN,DN,F0,195,209,4,right,45,1,6
2021,3,25,24,TN,DN,F0,260,270,4,right,20,3,4
2021,3,25,24,TN,DN,F0,103,121,5,left,20,3,4
2021,3,25,24,TN,DN,F0,127,144,5,left,45,3,4
2021,3,25,24,TN,DN,F0,148,162,5,left,20,4,3
2021,3,25,24,TN,DN,F0,171,187,5,left,20,7,0
2021,3,25,24,TN,DN,F0,225,237,5,left,10,7,0
2021,3,25,24,TN,DN,F0,275,286,5,left,30,6,1
2021,3,25,24,TN,DN,F0,295,314,5,right,45,5,2
2021,3,25,24,TN,DN,F0,92,106,6,right,90,2,5
2021,3,25,24,TN,DN,F0,114,128,6,right,90,2,5
2021,3,25,24,TN,DN,F0,226,236,6,right,20,3,4
2021,3,25,24,TN,DN,F0,119,135,7,right,90,0,7
2021,3,25,24,TN,DN,F0,163,179,7,right,45,0,7
2021,3,25,24,TN,DN,F0,236,248,7,right,20,3,4
2021,3,25,24,TN,DN,F0,35,71,8,left,120,7,0
2021,3,25,24,TN,DN,F0,76,89,8,left,20,7,0
2021,3,25,24,TN,DN,F0,145,159,8,left,10,3,4
2021,7,7,18,TN,DY,F2,184,194,1,left,45,1,6
2021,7,7,18,TN,DY,F2,233,244,1,right,45,6,1
2021,7,7,18,TN,DY,F2,307,316,1,left,20,7,0
2021,7,7,18,TN,DY,F2,38,51,2,left,90,5,2
2021,7,7,18,TN,DY,F2,136,144,2,left,20,6,1
2021,7,7,18,TN,DY,F2,281,294,2,right,20,0,7
2021,7,7,18,TN,DY,F2,0,15,3,right,90,6,1
2021,7,7,18,TN,DY,F2,55,64,3,right,10,3,4
2021,7,7,18,TN,DY,F2,105,117,3,right,10,1,6
2021,7,7,18,TN,DY,F2,264,276,3,left,20,7,0
2021,7,7,18,TN,DY,F2,37,50,4,right,90,0,7
2021,7,7,18,TN,DY,F2,91,104,4,left,45,7,0
2021,7,7,18,TN,DY,F2,150,170,4,right,20,0,7
2021,7,7,18,TN,DY,F2,184,197,4,left,20,7,0
2021,7,7,18,TN,DY,F2,9,20,5,right,45,0,7
2021,7,7,18,TN,DY,F2,148,158,5,left,45,2,5
2021,7,7,18,TN,DY,F2,179,188,5,left,45,5,2
2021,7,7,18,TN,DY,F2,254,265,5,left,20,3,4
2021,7,7,18,TN,DY,F2,296,308,5,right,45,0,7
2021,7,7,18,TN,DY,F2,70,84,6,left,90,7,0
2021,7,7,18,TN,DY,F2,113,125,6,left,20,7,0
2021,7,7,18,TN,DY,F2,256,266,6,left,20,3,4
2021,7,7,18,TN,DY,F2,61,75,7,right,10,4,3
2021,7,7,18,TN,DY,F2,131,144,7,left,20,2,5
2021,7,7,18,TN,DY,F2,242,256,7,left,45,2,5
2021,7,7,18,TN,DY,F2,77,87,8,left,10,2,5
2021,7,7,18,TN,DY,F2,271,284,8,left,10,5,2
2021,7,7,19,TN,DY,F0,15,34,1,right,45,2,5
2021,7,7,19,TN,DY,F0,73,87,1,right,20,0,7
2021,7,7,19,TN,DY,F0,160,171,1,right,20,0,7
2021,7,7,19,TN,DY,F0,199,217,1,right,10,0,7
2021,7,7,19,TN,DY,F0,241,254,1,right,20,1,6
2021,7,7,19,TN,DY,F0,287,303,1,right,90,0,7
2021,7,7,19,TN,DY,F0,326,337,1,right,20,1,6
2021,7,7,19,TN,DY,F0,31,41,2,right,10,5,2
2021,7,7,19,TN,DY,F0,62,75,2,right,90,1,6
2021,7,7,19,TN,DY,F0,85,96,2,right,90,0,7
2021,7,7,19,TN,DY,F0,179,191,2,right,20,1,6
2021,7,7,19,TN,DY,F0,300,312,2,right,45,3,4
2021,7,7,19,TN,DY,F0,337,350,2,right,90,4,3
2021,7,7,19,TN,DY,F0,61,71,3,right,90,3,4
2021,7,7,19,TN,DY,F0,92,101,3,right,10,1,6
2021,7,7,19,TN,DY,F0,118,127,3,right,10,0,7
2021,7,7,19,TN,DY,F0,131,142,3,right,45,0,7
2021,7,7,19,TN,DY,F0,181,189,3,right,10,0,7
2021,7,7,19,TN,DY,F0,258,268,3,right,45,1,6
2021,7,7,19,TN,DY,F0,299,310,3,left,10,2,5
2021,7,7,19,TN,DY,F0,328,340,3,right,45,1,6
2021,7,7,19,TN,DY,F0,357,368,3,right,10,0,7
2021,7,7,19,TN,DY,F0,15,27,4,left,10,7,0
2021,7,7,19,TN,DY,F0,48,60,4,left,45,4,3
2021,7,7,19,TN,DY,F0,206,220,4,right,20,1,6
2021,7,7,19,TN,DY,F0,243,261,4,right,10,1,6
2021,7,7,19,TN,DY,F0,277,290,4,right,20,2,5
2021,7,7,19,TN,DY,F0,347,360,4,right,20,1,6
2021,7,7,19,TN,DY,F0,368,376,4,right,45,3,4
2021,7,7,19,TN,DY,F0,19,33,5,left,90,7,0
2021,7,7,19,TN,DY,F0,80,93,5,left,90,4,3
2021,7,7,19,TN,DY,F0,129,139,5,left,45,0,7
2021,7,7,19,TN,DY,F0,170,181,5,left,45,0,7
2021,7,7,19,TN,DY,F0,218,229,5,right,45,0,7
2021,7,7,19,TN,DY,F0,270,299,5,right,120,0,7
2021,7,7,19,TN,DY,F0,311,333,5,left,45,0,7
2021,7,7,19,TN,DY,F0,339,353,5,left,10,0,7
2021,7,7,19,TN,DY,F0,364,376,5,right,45,0,7
2021,7,7,19,TN,DY,F0,20,33,6,left,90,1,6
2021,7,7,19,TN,DY,F0,46,55,6,left,90,5,2
2021,7,7,19,TN,DY,F0,129,142,6,right,20,6,1
2021,7,7,19,TN,DY,F0,167,181,6,left,45,4,3
2021,7,7,19,TN,DY,F0,271,284,6,right,45,5,2
2021,7,7,19,TN,DY,F0,346,364,6,right,120,2,5
2021,7,7,19,TN,DY,F0,9,21,7,left,20,0,7
2021,7,7,19,TN,DY,F0,136,152,7,left,45,5,2
2021,7,7,19,TN,DY,F0,157,171,7,left,10,7,0
2021,7,7,19,TN,DY,F0,187,204,7,left,45,7,0
2021,7,7,19,TN,DY,F0,312,329,7,left,20,7,0
2021,7,7,19,TN,DY,F0,344,355,7,left,45,7,0
2021,7,7,19,TN,DY,F0,40,53,8,left,10,6,1
2021,7,7,19,TN,DY,F0,112,129,8,right,45,4,3
2021,7,7,19,TN,DY,F0,152,168,8,right,90,1,6
2021,7,7,19,TN,DY,F0,186,204,8,right,90,0,7
2021,7,7,19,TN,DY,F0,250,265,8,right,20,1,6
2021,7,7,19,TN,DY,F0,347,362,8,right,45,1,6
2021,7,7,26,TN,DY,F2,56,70,1,left,120,6,1
2021,7,7,26,TN,DY,F2,86,95,1,left,45,7,0
2021,7,7,26,TN,DY,F2,133,146,1,left,45,7,0
2021,7,7,26,TN,DY,F2,173,183,1,left,45,7,0
2021,7,7,26,TN,DY,F2,194,205,1,left,45,6,1
2021,7,7,26,TN,DY,F2,13,29,2,left,45,6,1
2021,7,7,26,TN,DY,F2,73,84,2,left,20,7,0
2021,7,7,26,TN,DY,F2,233,250,2,left,90,1,6
2021,7,7,26,TN,DY,F2,286,300,2,left,45,5,2
2021,7,7,26,TN,DY,F2,310,319,2,left,45,5,2
2021,7,7,26,TN,DY,F2,8,22,3,left,45,3,4
2021,7,7,26,TN,DY,F2,53,63,3,right,45,3,4
2021,7,7,26,TN,DY,F2,94,104,3,right,20,3,4
2021,7,7,26,TN,DY,F2,45,56,4,right,45,2,5
2021,7,7,26,TN,DY,F2,109,124,4,left,120,6,1
2021,7,7,26,TN,DY,F2,130,140,4,left,45,7,0
2021,7,7,26,TN,DY,F2,153,163,4,left,45,7,0
2021,7,7,26,TN,DY,F2,191,200,4,left,20,7,0
2021,7,7,26,TN,DY,F2,235,248,4,left,10,7,0
2021,7,7,26,TN,DY,F2,284,297,4,left,20,0,7
2021,7,7,26,TN,DY,F2,78,89,5,right,90,0,7
2021,7,7,26,TN,DY,F2,175,185,5,left,20,3,4
2021,7,7,26,TN,DY,F2,254,271,5,left,20,7,0
2021,7,7,26,TN,DY,F2,11,21,6,left,45,5,2
2021,7,7,26,TN,DY,F2,172,187,6,right,90,5,2
2021,7,7,26,TN,DY,F2,200,214,6,left,20,7,0
2021,7,7,26,TN,DY,F2,215,228,6,left,10,7,0
2021,7,7,26,TN,DY,F2,36,48,7,right,45,1,6
2021,7,7,26,TN,DY,F2,75,85,7,left,20,2,5
2021,7,7,26,TN,DY,F2,112,121,7,left,20,4,3
2021,7,7,26,TN,DY,F2,148,158,7,left,45,5,2
2021,7,7,26,TN,DY,F2,176,188,7,left,45,6,1
2021,7,7,26,TN,DY,F2,225,241,7,right,45,0,7
2021,7,7,26,TN,DY,F2,264,280,7,right,20,0,7
2021,7,7,26,TN,DY,F2,28,46,8,left,10,0,7
2021,7,7,26,TN,DY,F2,54,66,8,right,10,0,7
2021,7,7,26,TN,DY,F2,113,129,8,right,120,2,5
2021,7,7,26,TN,DY,F2,143,156,8,right,20,3,4
2021,7,7,26,TN,DY,F2,184,196,8,right,10,5,2
2021,7,7,26,TN,DY,F2,290,301,8,left,20,7,0
2021,7,7,27,TN,DY,F2,32,46,1,right,90,2,5
2021,7,7,27,TN,DY,F2,78,93,1,left,45,6,1
2021,7,7,27,TN,DY,F2,106,118,1,left,45,7,0
2021,7,7,27,TN,DY,F2,163,181,1,left,45,6,1
2021,7,7,27,TN,DY,F2,218,231,1,left,10,2,5
2021,7,7,27,TN,DY,F2,252,268,1,right,45,4,3
2021,7,7,27,TN,DY,F2,41,57,2,right,10,1,6
2021,7,7,27,TN,DY,F2,125,142,2,right,10,1,6
2021,7,7,27,TN,DY,F2,255,266,2,left,10,5,2
2021,7,7,27,TN,DY,F2,24,35,3,right,45,0,7
2021,7,7,27,TN,DY,F2,76,87,3,right,90,6,1
2021,7,7,27,TN,DY,F2,133,143,3,right,20,3,4
2021,7,7,27,TN,DY,F2,213,229,3,right,20,0,7
2021,7,7,27,TN,DY,F2,282,294,3,right,20,0,7
2021,7,7,27,TN,DY,F2,4,16,4,right,45,1,6
2021,7,7,27,TN,DY,F2,36,45,4,right,20,4,3
2021,7,7,27,TN,DY,F2,145,153,4,right,19,4,3
2021,7,7,27,TN,DY,F2,287,297,4,left,20,7,0
2021,7,7,27,TN,DY,F2,18,27,5,right,10,7,0
2021,7,7,27,TN,DY,F2,27,31,5,left,10,7,0
2021,7,7,27,TN,DY,F2,48,55,5,left,90,7,0
2021,7,7,27,TN,DY,F2,78,86,5,left,20,7,0
2021,7,7,27,TN,DY,F2,153,162,5,left,45,6,1
2021,7,7,27,TN,DY,F2,199,210,5,left,20,0,7
2021,7,7,27,TN,DY,F2,288,297,5,right,20,0,7
2021,7,7,27,TN,DY,F2,3,11,6,left,10,1,6
2021,7,7,27,TN,DY,F2,24,35,6,left,20,3,4
2021,7,7,27,TN,DY,F2,60,68,6,left,10,5,2
2021,7,7,27,TN,DY,F2,233,245,6,left,45,7,0
2021,7,7,27,TN,DY,F2,290,300,6,right,45,5,2
2021,7,7,27,TN,DY,F2,164,178,7,left,45,4,3
2021,7,7,27,TN,DY,F2,223,235,7,right,20,1,6
2021,7,7,27,TN,DY,F2,246,255,7,right,10,0,7
2021,7,7,27,TN,DY,F2,303,314,7,right,20,0,7
2021,7,7,27,TN,DY,F2,28,41,8,left,45,4,3
2021,7,7,27,TN,DY,F2,95,107,8,right,45,0,7
2021,7,7,27,TN,DY,F2,176,187,8,right,45,5,2
2021,7,7,27,TN,DY,F2,255,266,8,left,10,7,0
2021,7,7,27,TN,DY,F2,298,313,8,left,45,5,2
2021,10,6,21,LY,DN,F0,33,45,1,left,20,7,0
2021,10,6,21,LY,DN,F0,56,68,1,left,10,5,2
2021,10,6,21,LY,DN,F0,96,107,1,left,10,4,3
2021,10,6,21,LY,DN,F0,149,161,1,right,10,4,3
2021,10,6,21,LY,DN,F0,179,190,1,right,10,5,2
2021,10,6,21,LY,DN,F0,222,235,1,left,20,7,0
2021,10,6,21,LY,DN,F0,245,257,1,left,45,7,0
2021,10,6,21,LY,DN,F0,43,53,2,right,10,0,7
2021,10,6,21,LY,DN,F0,89,105,2,right,10,1,6
2021,10,6,21,LY,DN,F0,145,168,2,left,120,6,1
2021,10,6,21,LY,DN,F0,202,213,2,left,20,7,0
2021,10,6,21,LY,DN,F0,239,254,2,left,45,6,1
2021,10,6,21,LY,DN,F0,15,30,3,right,20,0,7
2021,10,6,21,LY,DN,F0,71,83,3,right,10,1,6
2021,10,6,21,LY,DN,F0,219,232,3,left,10,5,2
2021,10,6,21,LY,DN,F0,44,62,4,right,20,3,4
2021,10,6,21,LY,DN,F0,65,81,4,right,90,2,5
2021,10,6,21,LY,DN,F0,121,134,4,right,20,0,7
2021,10,6,21,LY,DN,F0,172,187,4,right,20,3,4
2021,10,6,21,LY,DN,F0,2,15,5,right,45,0,7
2021,10,6,21,LY,DN,F0,27,38,5,right,90,0,7
2021,10,6,21,LY,DN,F0,129,145,5,right,90,3,4
2021,10,6,21,LY,DN,F0,148,164,5,right,90,7,0
2021,10,6,21,LY,DN,F0,11,24,6,right,10,1,6
2021,10,6,21,LY,DN,F0,39,56,6,right,45,0,7
2021,10,6,21,LY,DN,F0,65,86,6,right,45,0,7
2021,10,6,21,LY,DN,F0,89,107,6,right,45,0,7
2021,10,6,21,LY,DN,F0,182,195,6,right,20,1,6
2021,10,6,21,LY,DN,F0,227,240,6,right,90,2,5
2021,10,6,21,LY,DN,F0,18,31,7,right,10,2,5
2021,10,6,21,LY,DN,F0,87,104,7,left,20,7,0
2021,10,6,21,LY,DN,F0,134,168,7,left,120,7,0
2021,10,6,21,LY,DN,F0,174,189,7,left,20,3,4
2021,10,6,21,LY,DN,F0,15,25,8,right,20,2,5
2021,10,6,21,LY,DN,F0,51,65,8,left,10,1,6
2021,10,6,21,LY,DN,F0,93,112,8,right,90,1,6
2021,10,6,21,LY,DN,F0,118,131,8,right,90,2,5
2021,10,6,21,LY,DN,F0,176,186,8,right,10,2,5
2021,10,6,21,LY,DN,F0,221,234,8,left,20,2,5
2021,10,6,26,LY,DN,F0,39,52,1,right,90,1,6
2021,10,6,26,LY,DN,F0,55,64,1,right,45,1,6
2021,10,6,26,LY,DN,F0,179,195,1,left,90,2,5
2021,10,6,26,LY,DN,F0,201,216,1,left,90,5,2
2021,10,6,26,LY,DN,F0,292,301,1,right,20,4,3
2021,10,6,26,LY,DN,F0,307,315,1,right,45,3,4
2021,10,6,26,LY,DN,F0,15,30,2,right,90,0,7
2021,10,6,26,LY,DN,F0,98,113,2,left,45,3,4
2021,10,6,26,LY,DN,F0,120,133,2,left,45,5,2
2021,10,6,26,LY,DN,F0,155,171,2,left,45,7,0
2021,10,6,26,LY,DN,F0,193,210,2,left,20,7,0
2021,10,6,26,LY,DN,F0,270,284,2,left,10,7,0
2021,10,6,26,LY,DN,F0,76,92,3,right,20,5,2
2021,10,6,26,LY,DN,F0,102,122,3,right,90,2,5
2021,10,6,26,LY,DN,F0,137,149,3,right,45,0,7
2021,10,6,26,LY,DN,F0,161,171,3,right,20,1,6
2021,10,6,26,LY,DN,F0,219,233,3,right,90,1,6
2021,10,6,26,LY,DN,F0,298,315,3,left,45,5,2
2021,10,6,26,LY,DN,F0,36,47,4,left,20,7,0
2021,10,6,26,LY,DN,F0,68,81,4,left,45,7,0
2021,10,6,26,LY,DN,F0,126,138,4,left,20,7,0
2021,10,6,26,LY,DN,F0,149,168,4,right,90,3,4
2021,10,6,26,LY,DN,F0,174,191,4,right,45,0,7
2021,10,6,26,LY,DN,F0,198,211,4,right,20,0,7
2021,10,6,26,LY,DN,F0,222,233,4,right,45,1,6
2021,10,6,26,LY,DN,F0,304,312,4,right,20,2,5
2021,10,6,26,LY,DN,F0,35,46,5,right,10,2,5
2021,10,6,26,LY,DN,F0,119,131,5,right,20,4,3
2021,10,6,26,LY,DN,F0,146,160,5,right,90,2,5
2021,10,6,26,LY,DN,F0,215,224,5,right,45,0,7
2021,10,6,26,LY,DN,F0,252,261,5,right,45,0,7
2021,10,6,26,LY,DN,F0,89,100,6,right,45,1,6
2021,10,6,26,LY,DN,F0,132,146,6,right,90,1,6
2021,10,6,26,LY,DN,F0,150,158,6,right,90,2,5
2021,10,6,26,LY,DN,F0,177,188,6,right,20,4,3
2021,10,6,26,LY,DN,F0,261,271,6,left,10,3,4
2021,10,6,26,LY,DN,F0,289,302,6,right,90,4,3
2021,10,6,26,LY,DN,F0,305,315,6,right,20,4,3
2021,10,6,26,LY,DN,F0,9,19,7,right,20,3,4
2021,10,6,26,LY,DN,F0,88,104,7,left,45,1,6
2021,10,6,26,LY,DN,F0,172,186,7,right,90,2,5
2021,10,6,26,LY,DN,F0,190,200,7,right,90,3,4
2021,10,6,26,LY,DN,F0,287,295,7,right,45,0,7
2021,10,6,26,LY,DN,F0,25,34,8,right,45,0,7
2021,10,6,26,LY,DN,F0,45,54,8,right,90,1,6
2021,10,6,26,LY,DN,F0,70,79,8,right,90,6,1
2021,10,6,26,LY,DN,F0,83,108,8,right,90,2,5
2021,10,6,26,LY,DN,F0,117,127,8,right,45,0,7
2021,10,6,26,LY,DN,F0,137,154,8,left,45,4,3
2021,10,6,26,LY,DN,F0,164,178,8,left,90,7,0
2021,10,6,26,LY,DN,F0,179,192,8,left,120,7,0
2021,10,6,26,LY,DN,F0,210,219,8,right,20,2,5
2021,10,6,26,LY,DN,F0,232,243,8,right,20,2,5
2021,10,6,26,LY,DN,F0,256,269,8,right,120,4,3
2021,10,6,26,LY,DN,F0,270,279,8,right,45,6,1
2021,10,6,33,LY,DN,F0,201,217,1,left,10,7,0
2021,10,6,33,LY,DN,F0,32,49,2,right,45,7,0
2021,10,6,33,LY,DN,F0,79,95,2,right,45,1,6
2021,10,6,33,LY,DN,F0,106,119,2,left,45,6,1
2021,10,6,33,LY,DN,F0,140,157,2,left,45,7,0
2021,10,6,33,LY,DN,F0,175,188,2,left,45,7,0
2021,10,6,33,LY,DN,F0,205,215,2,left,45,7,0
2021,10,6,33,LY,DN,F0,38,49,3,left,20,3,4
2021,10,6,33,LY,DN,F0,132,144,3,left,20,5,2
2021,10,6,33,LY,DN,F0,15,30,4,right,45,1,6
2021,10,6,33,LY,DN,F0,38,52,4,right,45,3,4
2021,10,6,33,LY,DN,F0,189,201,4,right,20,5,2
2021,10,6,33,LY,DN,F0,3,16,5,left,20,7,0
2021,10,6,33,LY,DN,F0,20,35,5,left,45,6,1
2021,10,6,33,LY,DN,F0,134,145,5,left,20,4,3
2021,10,6,33,LY,DN,F0,251,261,5,right,10,5,2
2021,10,6,33,LY,DN,F0,58,75,6,right,90,2,5
2021,10,6,33,LY,DN,F0,114,128,6,right,90,0,7
2021,10,6,33,LY,DN,F0,93,111,7,right,90,0,7
2021,10,6,33,LY,DN,F0,125,145,7,right,45,0,7
2021,10,6,33,LY,DN,F0,150,169,7,right,45,1,6
2021,10,6,33,LY,DN,F0,210,224,7,right,10,2,5
2021,10,6,33,LY,DN,F0,3,17,8,left,10,4,3
2021,10,6,33,LY,DN,F0,47,59,8,left,10,4,3
2021,10,6,33,LY,DN,F0,83,97,8,right,10,6,1
2021,10,6,33,LY,DN,F0,161,180,8,left,90,6,1
2021,10,6,33,LY,DN,F0,186,198,8,left,90,1,6
2021,10,6,33,LY,DN,F0,208,235,8,right,10,3,4
2021,10,6,33,LY,DN,F0,253,266,8,right,45,5,2
2021,10,6,38,LY,DN,F0,26,40,1,right,45,3,4
2021,10,6,38,LY,DN,F0,184,200,1,right,20,1,6
2021,10,6,38,LY,DN,F0,6,18,2,right,20,4,3
2021,10,6,38,LY,DN,F0,105,120,2,right,45,1,6
2021,10,6,38,LY,DN,F0,130,144,2,right,45,0,7
2021,10,6,38,LY,DN,F0,162,174,2,right,45,1,6
2021,10,6,38,LY,DN,F0,220,240,2,right,10,3,4
2021,10,6,38,LY,DN,F0,30,47,4,left,90,7,0
2021,10,6,38,LY,DN,F0,53,67,4,left,45,7,0
2021,10,6,38,LY,DN,F0,105,115,4,left,20,3,4
2021,10,6,38,LY,DN,F0,291,300,4,right,10,2,5
2021,10,6,38,LY,DN,F0,23,37,6,right,45,0,7
2021,10,6,38,LY,DN,F0,48,62,6,right,45,0,7
2021,10,6,38,LY,DN,F0,126,144,6,right,10,0,7
2021,10,6,38,LY,DN,F0,179,195,6,right,10,0,7
2021,10,6,38,LY,DN,F0,249,266,6,right,20,2,5
2021,10,6,38,LY,DN,F0,268,283,6,right,45,3,4
2021,10,6,38,LY,DN,F0,287,301,6,right,45,7,0
2021,10,6,38,LY,DN,F0,56,72,7,left,10,6,1
2021,10,6,38,LY,DN,F0,101,138,7,left,10,5,2
2021,10,6,38,LY,DN,F0,166,180,7,right,20,5,2
2021,10,6,38,LY,DN,F0,201,219,7,right,10,3,4
2021,10,6,38,LY,DN,F0,246,259,7,right,10,3,4
2021,10,6,38,LY,DN,F0,29,43,8,left,10,6,1
2021,10,6,38,LY,DN,F0,140,158,8,left,20,7,0
2021,10,6,38,LY,DN,F0,165,181,8,left,45,7,0
2021,10,6,38,LY,DN,F0,200,211,8,left,45,7,0
2021,10,6,38,LY,DN,F0,231,244,8,left,20,7,0
2021,10,6,38,LY,DN,F0,271,284,8,left,10,7,0
2021,10,6,39,LY,DN,F0,129,140,1,left,20,4,3
2021,10,6,39,LY,DN,F0,153,168,1,left,10,2,5
2021,10,6,39,LY,DN,F0,175,191,1,right,20,2,5
2021,10,6,39,LY,DN,F0,230,241,1,left,10,2,5
2021,10,6,39,LY,DN,F0,10,24,2,left,45,4,3
2021,10,6,39,LY,DN,F0,65,81,2,left,10,4,3
2021,10,6,39,LY,DN,F0,85,99,2,left,20,6,1
2021,10,6,39,LY,DN,F0,242,266,2,left,10,6,1
2021,10,6,39,LY,DN,F0,280,298,2,left,45,7,0
2021,10,6,39,LY,DN,F0,0,15,3,left,10,7,0
2021,10,6,39,LY,DN,F0,73,87,3,left,20,7,0
2021,10,6,39,LY,DN,F0,143,153,3,left,10,7,0
2021,10,6,39,LY,DN,F0,28,42,4,left,45,7,0
2021,10,6,39,LY,DN,F0,59,75,4,left,90,7,0
2021,10,6,39,LY,DN,F0,133,147,4,left,20,5,2
2021,10,6,39,LY,DN,F0,166,179,4,left,20,3,4
2021,10,6,39,LY,DN,F0,217,235,4,right,10,2,5
2021,10,6,39,LY,DN,F0,236,257,4,right,20,3,4
2021,10,6,39,LY,DN,F0,141,155,5,right,45,0,7
2021,10,6,39,LY,DN,F0,159,171,5,right,90,0,7
2021,10,6,39,LY,DN,F0,227,237,5,right,90,6,1
2021,10,6,39,LY,DN,F0,4,18,6,left,20,1,6
2021,10,6,39,LY,DN,F0,71,84,6,right,20,1,6
2021,10,6,39,LY,DN,F0,128,143,6,left,20,3,4
2021,10,6,39,LY,DN,F0,233,250,6,right,10,1,6
2021,10,6,39,LY,DN,F0,264,278,6,right,20,1,6
2021,10,6,39,LY,DN,F0,72,90,7,left,10,7,0
2021,10,6,39,LY,DN,F0,198,216,7,left,20,6,1
2021,10,6,39,LY,DN,F0,279,294,7,left,90,4,3
2021,10,6,39,LY,DN,F0,14,31,8,left,45,7,0
2021,10,6,39,LY,DN,F0,45,59,8,left,20,7,0
2021,10,6,39,LY,DN,F0,70,86,8,left,90,5,2
2021,10,6,39,LY,DN,F0,105,119,8,left,20,2,5
2021,10,6,39,LY,DN,F0,143,156,8,left,20,2,5
2021,10,6,39,LY,DN,F0,215,226,8,right,20,3,4
2021,10,6,39,LY,DN,F0,242,255,8,right,10,2,5
2021,10,6,39,LY,DN,F0,261,274,8,right,20,3,4
2021,10,6,57,LY,DN,F0,38,51,1,right,10,1,6
2021,10,6,57,LY,DN,F0,70,88,1,right,10,1,6
2021,10,6,57,LY,DN,F0,282,296,1,right,45,1,6
2021,10,6,57,LY,DN,F0,306,314,1,right,45,7,0
2021,10,6,57,LY,DN,F0,274,292,2,right,90,0,7
2021,10,6,57,LY,DN,F0,300,314,2,right,20,0,7
2021,10,6,57,LY,DN,F0,5,25,3,right,45,0,7
2021,10,6,57,LY,DN,F0,29,44,3,right,10,0,7
2021,10,6,57,LY,DN,F0,53,68,3,right,20,0,7
2021,10,6,57,LY,DN,F0,103,116,3,right,10,0,7
2021,10,6,57,LY,DN,F0,145,165,3,left,20,0,7
2021,10,6,57,LY,DN,F0,186,202,3,left,10,0,7
2021,10,6,57,LY,DN,F0,226,242,3,right,45,0,7
2021,10,6,57,LY,DN,F0,41,59,4,right,90,3,4
2021,10,6,57,LY,DN,F0,98,113,4,right,10,3,4
2021,10,6,57,LY,DN,F0,183,202,4,right,10,3,4
2021,10,6,57,LY,DN,F0,241,256,4,right,10,3,4
2021,10,6,57,LY,DN,F0,293,308,4,right,20,3,4
2021,10,6,57,LY,DN,F0,0,15,5,left,90,7,0
2021,10,6,57,LY,DN,F0,35,49,5,left,20,4,3
2021,10,6,57,LY,DN,F0,66,87,5,left,10,4,3
2021,10,6,57,LY,DN,F0,88,103,5,left,10,4,3
2021,10,6,57,LY,DN,F0,225,241,5,left,20,3,4
2021,10,6,57,LY,DN,F0,250,268,5,left,20,4,3
2021,10,6,57,LY,DN,F0,292,309,5,left,45,4,3
2021,10,6,57,LY,DN,F0,280,298,6,right,45,2,5
2021,10,6,57,LY,DN,F0,303,314,6,right,45,2,5
2021,10,6,57,LY,DN,F0,72,88,7,right,10,0,7
2021,10,6,57,LY,DN,F0,170,187,7,right,10,1,6
2021,10,6,57,LY,DN,F0,28,41,8,right,45,1,6
2021,10,6,57,LY,DN,F0,234,253,8,right,90,1,6
2021,10,6,57,LY,DN,F0,266,283,8,right,90,6,1